21_86/0, 2430584896, 378, 2429619100, 402, , 
21_86/1, 2430584896, 398, 2429619100, 422, , 
21_86/2, 2430584896, 418, 2429619100, 442, , 
21_86/3, 2430584896, 438, 2429619100, 462, , 
21_86/4, 2430584896, 458, 2429619100, 482, , 
21_86/5, 2430584896, 478, 2429619100, 502, , 
21_90/0, 2429619104, 408, 2430584896, 432, , 
21_90/1, 2429619104, 428, 2430584896, 452, , 
21_90/2, 2429619104, 448, 2430584896, 472, , 
21_90/3, 2429619104, 468, 2430584896, 492, , 
21_90/4, 2429619104, 488, 2430584896, 512, , 
21_90/5, 2429619104, 508, 2430584896, 532, , 
64_146/0, 2429618976, 295, 2430584974, 310, , 
64_146/1, 2429618976, 325, 2430584974, 340, , 
64_146/2, 2429618976, 355, 2430584974, 370, , 
64_146/3, 2429618976, 385, 2430584974, 400, , 
64_146/4, 2429618976, 415, 2430584974, 430, , 
64_146/5, 2429618976, 445, 2430584974, 460, , 
64_149/0, 2429618976, 925, 2430584974, 939, , 
64_149/1, 2429618976, 955, 2430584974, 969, , 
64_162/0, 2430584974, 310, 2429618973, 323, , 
64_162/1, 2430584974, 340, 2429618973, 353, , 
64_162/2, 2430584974, 370, 2429618973, 383, , 
64_162/3, 2430584974, 400, 2429618973, 413, , 
64_162/4, 2430584974, 430, 2429618973, 443, , 
64_162/5, 2430584974, 460, 2429618973, 473, , 
64_158/0, 2430584974, 940, 2429618973, 954, , 
64_158/1, 2430584974, 970, 2429618973, 984, , 
64_157/0, 2430584974, 820, 2429618973, 834, , 
64_157/1, 2430584974, 880, 2429618973, 894, , 
70_177/0, 2429618963, 285, 2429103548, 298, , 
70_177/1, 2429618963, 315, 2429103548, 328, , 
70_177/2, 2429618963, 345, 2429103548, 358, , 
70_177/3, 2429618963, 375, 2429103548, 388, , 
70_177/4, 2429618963, 405, 2429103548, 418, , 
70_177/5, 2429618963, 435, 2429103548, 448, , 
70_177/6, 2429618963, 465, 2429103548, 478, , 
70_177/7, 2429618963, 525, 2429103548, 538, , 
70_177/8, 2429618963, 585, 2429103548, 598, , 
70_177/9, 2429618963, 645, 2429103548, 658, , 
70_177/10, 2429618963, 705, 2429103548, 718, , 
70_177/11, 2429618963, 765, 2429103548, 778, , 
70_177/12, 2429618963, 795, 2429103548, 808, , 
70_177/13, 2429618963, 825, 2429103548, 838, , 
70_177/14, 2429618963, 855, 2429103548, 868, , 
70_177/15, 2429618963, 885, 2429103548, 898, , 
70_177/16, 2429618963, 915, 2429103548, 928, , 
70_177/17, 2429618963, 945, 2429103548, 958, , 
70_177/18, 2429618963, 975, 2429103548, 988, , 
70_177/19, 2429618963, 1005, 2429103548, 1018, , 
70_177/20, 2429618963, 1035, 2429103548, 1048, , 
70_177/21, 2429618963, 1065, 2429103548, 1078, , 
70_177/22, 2429618963, 1095, 2429103548, 1108, , 
70_177/23, 2429618963, 1125, 2429103548, 1138, , 
70_177/24, 2429618963, 1155, 2429103548, 1168, , 
70_177/25, 2429618963, 1185, 2429103548, 1198, , 
70_177/26, 2429618963, 1245, 2429103548, 1258, , 
70_177/27, 2429618963, 1305, 2429103548, 1318, , 
70_177/28, 2429618963, 1365, 2429103548, 1378, , 
70_180/0, 2429103547, 300, 2429618960, 311, , 
70_180/1, 2429103547, 330, 2429618960, 341, , 
70_180/2, 2429103547, 360, 2429618960, 371, , 
70_180/3, 2429103547, 390, 2429618960, 401, , 
70_180/4, 2429103547, 420, 2429618960, 431, , 
70_180/5, 2429103547, 450, 2429618960, 461, , 
70_180/6, 2429103547, 480, 2429618960, 491, , 
70_180/7, 2429103547, 540, 2429618960, 551, , 
70_180/8, 2429103547, 600, 2429618960, 611, , 
70_180/9, 2429103547, 660, 2429618960, 671, , 
70_180/10, 2429103547, 720, 2429618960, 731, , 
70_180/11, 2429103547, 780, 2429618960, 791, , 
70_180/12, 2429103547, 810, 2429618960, 821, , 
70_180/13, 2429103547, 840, 2429618960, 851, , 
70_180/14, 2429103547, 870, 2429618960, 881, , 
70_180/15, 2429103547, 900, 2429618960, 911, , 
70_180/16, 2429103547, 930, 2429618960, 941, , 
70_180/17, 2429103547, 960, 2429618960, 971, , 
70_180/18, 2429103547, 990, 2429618960, 1001, , 
70_180/19, 2429103547, 1020, 2429618960, 1031, , 
70_180/20, 2429103547, 1050, 2429618960, 1061, , 
70_180/21, 2429103547, 1080, 2429618960, 1091, , 
70_180/22, 2429103547, 1110, 2429618960, 1121, , 
70_180/23, 2429103547, 1140, 2429618960, 1151, , 
70_180/24, 2429103547, 1170, 2429618960, 1181, , 
70_180/25, 2429103547, 1200, 2429618960, 1211, , 
70_180/26, 2429103547, 1260, 2429618960, 1271, , 
70_180/27, 2429103547, 1320, 2429618960, 1331, , 
70_180/28, 2429103547, 1380, 2429618960, 1391, , 
90H_325/0, 2429618937, 315, 2430584977, 341, , 
90H_325/1, 2429618937, 1275, 2430584977, 1301, , 
90H_326/0, 2430584977, 375, 2431596048, 400, , 
90H_326/1, 2430584977, 1335, 2431596048, 1360, , 
64_333/0, 2429618976, 805, 2430584974, 819, , 
64_333/1, 2429618976, 865, 2430584974, 879, , 
77_587/0, 1704188813, 245, 2429619100, 263, , 
78A_255/0, 2429618979, 265, 2429618973, 291, , 
78A_255/1, 2429618979, 385, 2429618973, 411, , 
78A_255/2, 2429618979, 415, 2429618973, 441, , 
78A_255/3, 2429618979, 445, 2429618973, 471, , 
78A_255/4, 2429618979, 465, 2429618973, 491, , 
78A_255/5, 2429618979, 525, 2429618973, 551, , 
78A_255/6, 2429618979, 585, 2429618973, 611, , 
78A_255/7, 2429618979, 645, 2429618973, 671, , 
78A_255/8, 2429618979, 705, 2429618973, 731, , 
78A_255/9, 2429618979, 765, 2429618973, 791, , 
78A_255/10, 2429618979, 825, 2429618973, 851, , 
78A_255/11, 2429618979, 885, 2429618973, 911, , 
78A_255/12, 2429618979, 945, 2429618973, 971, , 
78A_255/13, 2429618979, 1005, 2429618973, 1031, , 
78A_255/14, 2429618979, 1065, 2429618973, 1091, , 
78A_255/15, 2429618979, 1125, 2429618973, 1151, , 
7F_275/0, 2429618976, 265, 2430584982, 287, , 
7F_275/1, 2429618976, 1365, 2430584982, 1387, , 
21_85/0, 2430584896, 268, 2429619100, 292, , 
21_85/1, 2430584896, 288, 2429619100, 312, , 
21_85/2, 2430584896, 308, 2429619100, 332, , 
21_85/3, 2430584896, 328, 2429619100, 352, , 
21_85/4, 2430584896, 348, 2429619100, 372, , 
21_85/5, 2430584896, 368, 2429619100, 392, , 
21_85/6, 2430584896, 388, 2429619100, 412, , 
21_85/7, 2430584896, 408, 2429619100, 432, , 
21_85/8, 2430584896, 428, 2429619100, 452, , 
21_85/9, 2430584896, 448, 2429619100, 472, , 
21_85/10, 2430584896, 468, 2429619100, 492, , 
21_85/11, 2430584896, 488, 2429619100, 512, , 
21_85/12, 2430584896, 508, 2429619100, 532, , 
21_85/13, 2430584896, 528, 2429619100, 552, , 
21_85/14, 2430584896, 548, 2429619100, 572, , 
21_85/15, 2430584896, 568, 2429619100, 592, , 
21_85/16, 2430584896, 588, 2429619100, 612, , 
21_85/17, 2430584896, 608, 2429619100, 632, , 
21_85/18, 2430584896, 628, 2429619100, 652, , 
21_85/19, 2430584896, 648, 2429619100, 672, , 
21_85/20, 2430584896, 668, 2429619100, 692, , 
21_85/21, 2430584896, 688, 2429619100, 712, , 
21_85/22, 2430584896, 708, 2429619100, 732, , 
21_85/23, 2430584896, 728, 2429619100, 752, , 
21_85/24, 2430584896, 748, 2429619100, 772, , 
21_85/25, 2430584896, 768, 2429619100, 792, , 
21_85/26, 2430584896, 788, 2429619100, 812, , 
21_85/27, 2430584896, 808, 2429619100, 832, , 
21_85/28, 2430584896, 828, 2429619100, 852, , 
21_85/29, 2430584896, 848, 2429619100, 872, , 
21_85/30, 2430584896, 868, 2429619100, 892, , 
21_85/31, 2430584896, 888, 2429619100, 912, , 
21_85/32, 2430584896, 908, 2429619100, 932, , 
21_85/33, 2430584896, 928, 2429619100, 952, , 
21_85/34, 2430584896, 948, 2429619100, 972, , 
21_85/35, 2430584896, 968, 2429619100, 992, , 
21_85/36, 2430584896, 988, 2429619100, 1012, , 
21_85/37, 2430584896, 1008, 2429619100, 1032, , 
21_85/38, 2430584896, 1028, 2429619100, 1052, , 
21_85/39, 2430584896, 1048, 2429619100, 1072, , 
21_85/40, 2430584896, 1068, 2429619100, 1092, , 
21_85/41, 2430584896, 1088, 2429619100, 1112, , 
21_85/42, 2430584896, 1108, 2429619100, 1132, , 
21_85/43, 2430584896, 1138, 2429619100, 1162, , 
21_85/44, 2430584896, 1168, 2429619100, 1192, , 
21_85/45, 2430584896, 1198, 2429619100, 1222, , 
21_85/46, 2430584896, 1228, 2429619100, 1252, , 
21_85/47, 2430584896, 1258, 2429619100, 1282, , 
21_85/48, 2430584896, 1288, 2429619100, 1312, , 
21_85/49, 2430584896, 1318, 2429619100, 1342, , 
21_85/50, 2430584896, 1348, 2429619100, 1372, , 
21_89/0, 2429619104, 278, 2430584896, 302, , 
21_89/1, 2429619104, 298, 2430584896, 322, , 
21_89/2, 2429619104, 318, 2430584896, 342, , 
21_89/3, 2429619104, 338, 2430584896, 362, , 
21_89/4, 2429619104, 358, 2430584896, 382, , 
21_89/5, 2429619104, 378, 2430584896, 402, , 
21_89/6, 2429619104, 398, 2430584896, 422, , 
21_89/7, 2429619104, 418, 2430584896, 442, , 
21_89/8, 2429619104, 438, 2430584896, 462, , 
21_89/9, 2429619104, 458, 2430584896, 482, , 
21_89/10, 2429619104, 478, 2430584896, 502, , 
21_89/11, 2429619104, 498, 2430584896, 522, , 
21_89/12, 2429619104, 518, 2430584896, 542, , 
21_89/13, 2429619104, 538, 2430584896, 562, , 
21_89/14, 2429619104, 558, 2430584896, 582, , 
21_89/15, 2429619104, 578, 2430584896, 602, , 
21_89/16, 2429619104, 598, 2430584896, 622, , 
21_89/17, 2429619104, 618, 2430584896, 642, , 
21_89/18, 2429619104, 638, 2430584896, 662, , 
21_89/19, 2429619104, 658, 2430584896, 682, , 
21_89/20, 2429619104, 678, 2430584896, 702, , 
21_89/21, 2429619104, 698, 2430584896, 722, , 
21_89/22, 2429619104, 718, 2430584896, 742, , 
21_89/23, 2429619104, 738, 2430584896, 762, , 
21_89/24, 2429619104, 758, 2430584896, 782, , 
21_89/25, 2429619104, 778, 2430584896, 802, , 
21_89/26, 2429619104, 798, 2430584896, 822, , 
21_89/27, 2429619104, 818, 2430584896, 842, , 
21_89/28, 2429619104, 838, 2430584896, 862, , 
21_89/29, 2429619104, 858, 2430584896, 882, , 
21_89/30, 2429619104, 878, 2430584896, 902, , 
21_89/31, 2429619104, 898, 2430584896, 922, , 
21_89/32, 2429619104, 918, 2430584896, 942, , 
21_89/33, 2429619104, 938, 2430584896, 962, , 
21_89/34, 2429619104, 958, 2430584896, 982, , 
21_89/35, 2429619104, 978, 2430584896, 1002, , 
21_89/36, 2429619104, 998, 2430584896, 1022, , 
21_89/37, 2429619104, 1018, 2430584896, 1042, , 
21_89/38, 2429619104, 1038, 2430584896, 1062, , 
21_89/39, 2429619104, 1058, 2430584896, 1082, , 
21_89/40, 2429619104, 1078, 2430584896, 1102, , 
21_89/41, 2429619104, 1098, 2430584896, 1122, , 
21_89/42, 2429619104, 1118, 2430584896, 1142, , 
21_89/43, 2429619104, 1138, 2430584896, 1162, , 
21_89/44, 2429619104, 1168, 2430584896, 1192, , 
21_89/45, 2429619104, 1198, 2430584896, 1222, , 
21_89/46, 2429619104, 1228, 2430584896, 1252, , 
21_89/47, 2429619104, 1258, 2430584896, 1282, , 
21_89/48, 2429619104, 1288, 2430584896, 1312, , 
21_89/49, 2429619104, 1318, 2430584896, 1342, , 
21_89/50, 2429619104, 1348, 2430584896, 1372, , 
21_89/51, 2429619104, 1378, 2430584896, 1402, , 
24_713/0, 2430584967, 360, 2430584919, 384, , 
24_713/1, 2430584967, 380, 2430584919, 404, , 
24_713/2, 2430584967, 400, 2430584919, 424, , 
24_713/3, 2430584967, 420, 2430584919, 444, , 
24_713/4, 2430584967, 440, 2430584919, 464, , 
24_713/5, 2430584967, 820, 2430584919, 844, , 
24_713/6, 2430584967, 840, 2430584919, 864, , 
24_713/7, 2430584967, 860, 2430584919, 884, , 
24_713/8, 2430584967, 880, 2430584919, 904, , 
24_713/9, 2430584967, 900, 2430584919, 924, , 
24_713/10, 2430584967, 920, 2430584919, 944, , 
24_713/11, 2430584967, 940, 2430584919, 964, , 
24_713/12, 2430584967, 960, 2430584919, 984, , 
24_713/13, 2430584967, 980, 2430584919, 1004, , 
24_713/14, 2430584967, 1000, 2430584919, 1024, , 
24_713/15, 2430584967, 1020, 2430584919, 1044, , 
24_713/16, 2430584967, 1040, 2430584919, 1064, , 
24_714/0, 2430584918, 390, 2430584967, 415, , 
24_714/1, 2430584918, 410, 2430584967, 435, , 
24_714/2, 2430584918, 430, 2430584967, 455, , 
24_714/3, 2430584918, 450, 2430584967, 475, , 
24_714/4, 2430584918, 470, 2430584967, 495, , 
24_714/5, 2430584918, 850, 2430584967, 875, , 
24_714/6, 2430584918, 870, 2430584967, 895, , 
24_714/7, 2430584918, 890, 2430584967, 915, , 
24_714/8, 2430584918, 910, 2430584967, 935, , 
24_714/9, 2430584918, 930, 2430584967, 955, , 
24_714/10, 2430584918, 950, 2430584967, 975, , 
24_714/11, 2430584918, 970, 2430584967, 995, , 
24_714/12, 2430584918, 990, 2430584967, 1015, , 
24_714/13, 2430584918, 1010, 2430584967, 1035, , 
24_714/14, 2430584918, 1030, 2430584967, 1055, , 
24_714/15, 2430584918, 1050, 2430584967, 1075, , 
24_714/16, 2430584918, 1070, 2430584967, 1095, , 
32_715/0, 2429618831, 403, 4221261142, 415, , 
32_715/1, 2429618831, 413, 4221261142, 425, , 
32_715/2, 2429618831, 423, 4221261142, 435, , 
32_715/3, 2429618831, 433, 4221261142, 445, , 
32_715/4, 2429618831, 443, 4221261142, 455, , 
32_715/5, 2429618831, 453, 4221261142, 465, , 
32_715/6, 2429618831, 463, 4221261142, 475, , 
32_715/7, 2429618831, 473, 4221261142, 485, , 
32_715/8, 2429618831, 483, 4221261142, 495, , 
32_715/9, 2429618831, 493, 4221261142, 505, , 
32_715/10, 2429618831, 503, 4221261142, 515, , 
32_715/11, 2429618831, 513, 4221261142, 525, , 
32_715/12, 2429618831, 523, 4221261142, 535, , 
32_715/13, 2429618831, 533, 4221261142, 545, , 
32_715/14, 2429618831, 543, 4221261142, 555, , 
32_715/15, 2429618831, 553, 4221261142, 565, , 
32_715/16, 2429618831, 563, 4221261142, 575, , 
32_715/17, 2429618831, 573, 4221261142, 585, , 
32_715/18, 2429618831, 583, 4221261142, 595, , 
32_715/19, 2429618831, 593, 4221261142, 605, , 
32_715/20, 2429618831, 603, 4221261142, 615, , 
32_715/21, 2429618831, 613, 4221261142, 625, , 
32_715/22, 2429618831, 623, 4221261142, 635, , 
32_715/23, 2429618831, 633, 4221261142, 645, , 
32_715/24, 2429618831, 643, 4221261142, 655, , 
32_715/25, 2429618831, 653, 4221261142, 665, , 
32_715/26, 2429618831, 663, 4221261142, 675, , 
32_715/27, 2429618831, 673, 4221261142, 685, , 
32_715/28, 2429618831, 683, 4221261142, 695, , 
32_715/29, 2429618831, 693, 4221261142, 705, , 
32_715/30, 2429618831, 703, 4221261142, 715, , 
32_715/31, 2429618831, 713, 4221261142, 725, , 
32_715/32, 2429618831, 723, 4221261142, 735, , 
32_715/33, 2429618831, 733, 4221261142, 745, , 
32_715/34, 2429618831, 743, 4221261142, 755, , 
32_715/35, 2429618831, 753, 4221261142, 765, , 
32_715/36, 2429618831, 763, 4221261142, 775, , 
32_715/37, 2429618831, 773, 4221261142, 785, , 
32_715/38, 2429618831, 783, 4221261142, 795, , 
32_715/39, 2429618831, 793, 4221261142, 805, , 
32_715/40, 2429618831, 803, 4221261142, 815, , 
32_715/41, 2429618831, 813, 4221261142, 825, , 
32_715/42, 2429618831, 823, 4221261142, 835, , 
32_715/43, 2429618831, 833, 4221261142, 845, , 
32_715/44, 2429618831, 843, 4221261142, 855, , 
32_715/45, 2429618831, 853, 4221261142, 865, , 
32_715/46, 2429618831, 863, 4221261142, 875, , 
32_715/47, 2429618831, 873, 4221261142, 885, , 
32_715/48, 2429618831, 883, 4221261142, 895, , 
32_715/49, 2429618831, 893, 4221261142, 905, , 
32_715/50, 2429618831, 903, 4221261142, 915, , 
32_715/51, 2429618831, 913, 4221261142, 925, , 
32_715/52, 2429618831, 923, 4221261142, 935, , 
32_715/53, 2429618831, 933, 4221261142, 945, , 
32_715/54, 2429618831, 943, 4221261142, 955, , 
32_715/55, 2429618831, 953, 4221261142, 965, , 
32_715/56, 2429618831, 963, 4221261142, 975, , 
32_715/57, 2429618831, 973, 4221261142, 985, , 
32_716/0, 4221261142, 416, 2429618831, 429, , 
32_716/1, 4221261142, 426, 2429618831, 439, , 
32_716/2, 4221261142, 436, 2429618831, 449, , 
32_716/3, 4221261142, 446, 2429618831, 459, , 
32_716/4, 4221261142, 456, 2429618831, 469, , 
32_716/5, 4221261142, 466, 2429618831, 479, , 
32_716/6, 4221261142, 476, 2429618831, 489, , 
32_716/7, 4221261142, 486, 2429618831, 499, , 
32_716/8, 4221261142, 496, 2429618831, 509, , 
32_716/9, 4221261142, 506, 2429618831, 519, , 
32_716/10, 4221261142, 516, 2429618831, 529, , 
32_716/11, 4221261142, 526, 2429618831, 539, , 
32_716/12, 4221261142, 536, 2429618831, 549, , 
32_716/13, 4221261142, 546, 2429618831, 559, , 
32_716/14, 4221261142, 556, 2429618831, 569, , 
32_716/15, 4221261142, 566, 2429618831, 579, , 
32_716/16, 4221261142, 576, 2429618831, 589, , 
32_716/17, 4221261142, 586, 2429618831, 599, , 
32_716/18, 4221261142, 596, 2429618831, 609, , 
32_716/19, 4221261142, 606, 2429618831, 619, , 
32_716/20, 4221261142, 616, 2429618831, 629, , 
32_716/21, 4221261142, 626, 2429618831, 639, , 
32_716/22, 4221261142, 636, 2429618831, 649, , 
32_716/23, 4221261142, 646, 2429618831, 659, , 
32_716/24, 4221261142, 656, 2429618831, 669, , 
32_716/25, 4221261142, 666, 2429618831, 679, , 
32_716/26, 4221261142, 676, 2429618831, 689, , 
32_716/27, 4221261142, 686, 2429618831, 699, , 
32_716/28, 4221261142, 696, 2429618831, 709, , 
32_716/29, 4221261142, 706, 2429618831, 719, , 
32_716/30, 4221261142, 716, 2429618831, 729, , 
32_716/31, 4221261142, 726, 2429618831, 739, , 
32_716/32, 4221261142, 736, 2429618831, 749, , 
32_716/33, 4221261142, 746, 2429618831, 759, , 
32_716/34, 4221261142, 756, 2429618831, 769, , 
32_716/35, 4221261142, 766, 2429618831, 779, , 
32_716/36, 4221261142, 776, 2429618831, 789, , 
32_716/37, 4221261142, 786, 2429618831, 799, , 
32_716/38, 4221261142, 796, 2429618831, 809, , 
32_716/39, 4221261142, 806, 2429618831, 819, , 
32_716/40, 4221261142, 816, 2429618831, 829, , 
32_716/41, 4221261142, 826, 2429618831, 839, , 
32_716/42, 4221261142, 836, 2429618831, 849, , 
32_716/43, 4221261142, 846, 2429618831, 859, , 
32_716/44, 4221261142, 856, 2429618831, 869, , 
32_716/45, 4221261142, 866, 2429618831, 879, , 
32_716/46, 4221261142, 876, 2429618831, 889, , 
32_716/47, 4221261142, 886, 2429618831, 899, , 
32_716/48, 4221261142, 896, 2429618831, 909, , 
32_716/49, 4221261142, 906, 2429618831, 919, , 
32_716/50, 4221261142, 916, 2429618831, 929, , 
32_716/51, 4221261142, 926, 2429618831, 939, , 
32_716/52, 4221261142, 936, 2429618831, 949, , 
32_716/53, 4221261142, 946, 2429618831, 959, , 
32_716/54, 4221261142, 956, 2429618831, 969, , 
32_716/55, 4221261142, 966, 2429618831, 979, , 
32_716/56, 4221261142, 976, 2429618831, 989, , 
32_716/57, 4221261142, 986, 2429618831, 999, , 
64_717/0, 2429618976, 495, 3792822340, 507, , 
64_717/1, 2429618976, 555, 3792822340, 567, , 
64_719/0, 3792822340, 510, 2429618973, 521, , 
64_719/1, 3792822340, 570, 2429618973, 581, , 
67_722/0, 2430584983, 393, 2429103590, 437, , 
67_722/1, 2430584983, 813, 2429103590, 857, , 
67_722/2, 2430584983, 873, 2429103590, 917, , 
67_722/3, 2430584983, 933, 2429103590, 977, , 
67_722/4, 2430584983, 993, 2429103590, 1037, , 
67_722/5, 2430584983, 1113, 2429103590, 1157, , 
67Y_731/0, 2429103590, 265, 2430584982, 311, , 
67Y_731/1, 2429103590, 400, 2430584982, 446, , 
67Y_731/2, 2429103590, 460, 2430584982, 506, , 
67Y_731/3, 2429103590, 880, 2430584982, 926, , 
67Y_731/4, 2429103590, 940, 2430584982, 986, , 
67Y_731/5, 2429103590, 1000, 2430584982, 1046, , 
67Y_731/6, 2429103590, 1060, 2430584982, 1106, , 
67Y_731/7, 2429103590, 1120, 2430584982, 1166, , 
67Y_731/8, 2429103590, 1260, 2430584982, 1306, , 
71_183/0, 2430584977, 560, 2428628185, 597, , 
71_183/1, 2430584977, 620, 2428628185, 657, , 
71_183/2, 2430584977, 680, 2428628185, 717, , 
71_183/3, 2430584977, 740, 2428628185, 777, , 
71_183/4, 2430584977, 800, 2428628185, 837, , 
71_183/5, 2430584977, 920, 2428628185, 957, , 
71_183/6, 2430584977, 1040, 2428628185, 1077, , 
71_183/7, 2430584977, 1160, 2428628185, 1197, , 
71_183/8, 2430584977, 1220, 2428628185, 1257, , 
71_183/9, 2430584977, 1280, 2428628185, 1317, , 
71_185/0, 2430584977, 500, 2428628185, 537, , 
71_185/1, 2430584977, 860, 2428628185, 897, , 
71_185/2, 2430584977, 980, 2428628185, 1017, , 
71_185/3, 2430584977, 1100, 2428628185, 1137, , 
71_184/0, 2430584977, 323, 2428628185, 357, , 
71_184/1, 2430584977, 383, 2428628185, 417, , 
71_184/2, 2430584977, 443, 2428628185, 477, , 
71_184/3, 2430584977, 1343, 2428628185, 1377, , 
71_189/0, 2428628185, 280, 2430584977, 319, , 
71_189/1, 2428628185, 340, 2430584977, 379, , 
71_189/2, 2428628185, 400, 2430584977, 439, , 
71_189/3, 2428628185, 460, 2430584977, 499, , 
71_189/4, 2428628185, 760, 2430584977, 799, , 
71_189/5, 2428628185, 820, 2430584977, 859, , 
71_189/6, 2428628185, 1000, 2430584977, 1039, , 
71_189/7, 2428628185, 1240, 2430584977, 1279, , 
71_190/0, 2428628185, 520, 2430584977, 558, , 
71_190/1, 2428628185, 580, 2430584977, 618, , 
71_190/2, 2428628185, 640, 2430584977, 678, , 
71_190/3, 2428628185, 700, 2430584977, 738, , 
71_190/4, 2428628185, 880, 2430584977, 918, , 
71_190/5, 2428628185, 940, 2430584977, 978, , 
71_190/6, 2428628185, 1060, 2430584977, 1098, , 
71_190/7, 2428628185, 1120, 2430584977, 1158, , 
71_190/8, 2428628185, 1180, 2430584977, 1218, , 
71_190/9, 2428628185, 1300, 2430584977, 1338, , 
71A_735/0, 2429618957, 260, 2428628185, 279, , 
71A_735/1, 2429618957, 280, 2428628185, 299, , 
71A_735/2, 2429618957, 300, 2428628185, 319, , 
71A_735/3, 2429618957, 320, 2428628185, 339, , 
71A_735/4, 2429618957, 360, 2428628185, 379, , 
71A_735/5, 2429618957, 380, 2428628185, 399, , 
71A_735/6, 2429618957, 420, 2428628185, 439, , 
71A_735/7, 2429618957, 440, 2428628185, 459, , 
71A_735/8, 2429618957, 480, 2428628185, 499, , 
71A_735/9, 2429618957, 500, 2428628185, 519, , 
71A_735/10, 2429618957, 540, 2428628185, 559, , 
71A_735/11, 2429618957, 560, 2428628185, 579, , 
71A_735/12, 2429618957, 600, 2428628185, 619, , 
71A_735/13, 2429618957, 620, 2428628185, 639, , 
71A_735/14, 2429618957, 660, 2428628185, 679, , 
71A_735/15, 2429618957, 680, 2428628185, 699, , 
71A_735/16, 2429618957, 720, 2428628185, 739, , 
71A_735/17, 2429618957, 740, 2428628185, 759, , 
71A_735/18, 2429618957, 780, 2428628185, 799, , 
71A_735/19, 2429618957, 800, 2428628185, 819, , 
71A_735/20, 2429618957, 840, 2428628185, 859, , 
71A_735/21, 2429618957, 860, 2428628185, 879, , 
71A_735/22, 2429618957, 900, 2428628185, 919, , 
71A_735/23, 2429618957, 920, 2428628185, 939, , 
71A_735/24, 2429618957, 960, 2428628185, 979, , 
71A_735/25, 2429618957, 980, 2428628185, 999, , 
71A_735/26, 2429618957, 1020, 2428628185, 1039, , 
71A_735/27, 2429618957, 1040, 2428628185, 1059, , 
71A_735/28, 2429618957, 1080, 2428628185, 1099, , 
71A_735/29, 2429618957, 1100, 2428628185, 1119, , 
71A_735/30, 2429618957, 1140, 2428628185, 1159, , 
71A_735/31, 2429618957, 1160, 2428628185, 1179, , 
71A_735/32, 2429618957, 1200, 2428628185, 1219, , 
71A_735/33, 2429618957, 1220, 2428628185, 1239, , 
71A_735/34, 2429618957, 1260, 2428628185, 1279, , 
71A_735/35, 2429618957, 1280, 2428628185, 1299, , 
71A_735/36, 2429618957, 1320, 2428628185, 1339, , 
71A_735/37, 2429618957, 1340, 2428628185, 1359, , 
71A_735/38, 2429618957, 1380, 2428628185, 1399, , 
71A_739/0, 2428628185, 300, 2429618957, 319, , 
71A_739/1, 2428628185, 320, 2429618957, 339, , 
71A_739/2, 2428628185, 360, 2429618957, 379, , 
71A_739/3, 2428628185, 380, 2429618957, 399, , 
71A_739/4, 2428628185, 420, 2429618957, 439, , 
71A_739/5, 2428628185, 440, 2429618957, 459, , 
71A_739/6, 2428628185, 480, 2429618957, 499, , 
71A_739/7, 2428628185, 500, 2429618957, 519, , 
71A_739/8, 2428628185, 540, 2429618957, 559, , 
71A_739/9, 2428628185, 560, 2429618957, 579, , 
71A_739/10, 2428628185, 600, 2429618957, 619, , 
71A_739/11, 2428628185, 620, 2429618957, 639, , 
71A_739/12, 2428628185, 660, 2429618957, 679, , 
71A_739/13, 2428628185, 680, 2429618957, 699, , 
71A_739/14, 2428628185, 720, 2429618957, 739, , 
71A_739/15, 2428628185, 740, 2429618957, 759, , 
71A_739/16, 2428628185, 780, 2429618957, 799, , 
71A_739/17, 2428628185, 800, 2429618957, 819, , 
71A_739/18, 2428628185, 840, 2429618957, 859, , 
71A_739/19, 2428628185, 860, 2429618957, 879, , 
71A_739/20, 2428628185, 900, 2429618957, 919, , 
71A_739/21, 2428628185, 920, 2429618957, 939, , 
71A_739/22, 2428628185, 960, 2429618957, 979, , 
71A_739/23, 2428628185, 980, 2429618957, 999, , 
71A_739/24, 2428628185, 1020, 2429618957, 1039, , 
71A_739/25, 2428628185, 1040, 2429618957, 1059, , 
71A_739/26, 2428628185, 1080, 2429618957, 1099, , 
71A_739/27, 2428628185, 1100, 2429618957, 1119, , 
71A_739/28, 2428628185, 1140, 2429618957, 1159, , 
71A_739/29, 2428628185, 1160, 2429618957, 1179, , 
71A_739/30, 2428628185, 1200, 2429618957, 1219, , 
71A_739/31, 2428628185, 1220, 2429618957, 1239, , 
71A_739/32, 2428628185, 1260, 2429618957, 1279, , 
71A_739/33, 2428628185, 1280, 2429618957, 1299, , 
71A_739/34, 2428628185, 1320, 2429618957, 1339, , 
71A_739/35, 2428628185, 1340, 2429618957, 1359, , 
71A_739/36, 2428628185, 1360, 2429618957, 1379, , 
71A_739/37, 2428628185, 1380, 2429618957, 1399, , 
71A_739/38, 2428628185, 1400, 2429618957, 1419, , 
72_191/0, 2430584977, 1313, 2429103545, 1347, , 
72_192/0, 2430584977, 530, 2429103545, 567, , 
72_192/1, 2430584977, 590, 2429103545, 627, , 
72_192/2, 2430584977, 650, 2429103545, 687, , 
72_192/3, 2430584977, 710, 2429103545, 747, , 
72_192/4, 2430584977, 770, 2429103545, 807, , 
72_192/5, 2430584977, 830, 2429103545, 867, , 
72_192/6, 2430584977, 950, 2429103545, 987, , 
72_192/7, 2430584977, 1070, 2429103545, 1107, , 
72_192/8, 2430584977, 1190, 2429103545, 1227, , 
72_192/9, 2430584977, 1250, 2429103545, 1287, , 
72_193/0, 2430584977, 353, 2429103545, 387, , 
72_193/1, 2430584977, 413, 2429103545, 447, , 
72_193/2, 2430584977, 473, 2429103545, 507, , 
72_194/0, 2430584977, 890, 2429103545, 927, , 
72_194/1, 2430584977, 1010, 2429103545, 1047, , 
72_194/2, 2430584977, 1130, 2429103545, 1167, , 
72_444/0, 2429103545, 490, 2430584977, 528, , 
72_444/1, 2429103545, 550, 2430584977, 588, , 
72_444/2, 2429103545, 610, 2430584977, 648, , 
72_444/3, 2429103545, 670, 2430584977, 708, , 
72_444/4, 2429103545, 730, 2430584977, 768, , 
72_444/5, 2429103545, 850, 2430584977, 888, , 
72_444/6, 2429103545, 910, 2430584977, 948, , 
72_444/7, 2429103545, 970, 2430584977, 1008, , 
72_444/8, 2429103545, 1090, 2430584977, 1128, , 
72_444/9, 2429103545, 1150, 2430584977, 1188, , 
72_444/10, 2429103545, 1210, 2430584977, 1248, , 
72_444/11, 2429103545, 1270, 2430584977, 1308, , 
72_445/0, 2429103545, 310, 2430584977, 349, , 
72_445/1, 2429103545, 370, 2430584977, 409, , 
72_445/2, 2429103545, 430, 2430584977, 469, , 
72_445/3, 2429103545, 790, 2430584977, 829, , 
72_445/4, 2429103545, 1030, 2430584977, 1069, , 
77_251/0, 2430585037, 297, 2429619100, 323, , 
77_251/1, 2430585037, 357, 2429619100, 383, , 
77_251/2, 2430585037, 417, 2429619100, 443, , 
77_251/3, 2430585037, 477, 2429619100, 503, , 
77_251/4, 2430585037, 537, 2429619100, 563, , 
77_251/5, 2430585037, 597, 2429619100, 623, , 
77_251/6, 2430585037, 657, 2429619100, 683, , 
77_251/7, 2430585037, 717, 2429619100, 743, , 
77_251/8, 2430585037, 777, 2429619100, 803, , 
77_251/9, 2430585037, 837, 2429619100, 863, , 
77_251/10, 2430585037, 897, 2429619100, 923, , 
77_251/11, 2430585037, 957, 2429619100, 983, , 
77_251/12, 2430585037, 1017, 2429619100, 1043, , 
77_251/13, 2430585037, 1077, 2429619100, 1103, , 
77_251/14, 2430585037, 1137, 2429619100, 1163, , 
77_251/15, 2430585037, 1197, 2429619100, 1223, , 
77_251/16, 2430585037, 1257, 2429619100, 1283, , 
77_251/17, 2430585037, 1317, 2429619100, 1343, , 
77Y_754/0, 2430585037, 447, 2429618964, 465, , 
77Y_754/1, 2430585037, 887, 2429618964, 905, , 
77Y_753/0, 2429618966, 868, 2430585037, 886, , 
77Y_753/1, 2429618966, 928, 2430585037, 946, , 
20_77/0, 2430584967, 270, 2429619178, 298, , 
20_77/1, 2430584967, 290, 2429619178, 318, , 
20_77/2, 2430584967, 310, 2429619178, 338, , 
20_77/3, 2430584967, 330, 2429619178, 358, , 
20_77/4, 2430584967, 350, 2429619178, 378, , 
20_77/5, 2430584967, 370, 2429619178, 398, , 
20_77/6, 2430584967, 390, 2429619178, 418, , 
20_77/7, 2430584967, 410, 2429619178, 438, , 
20_77/8, 2430584967, 430, 2429619178, 458, , 
20_77/9, 2430584967, 450, 2429619178, 478, , 
20_77/10, 2430584967, 470, 2429619178, 498, , 
20_77/11, 2430584967, 490, 2429619178, 518, , 
20_77/12, 2430584967, 510, 2429619178, 538, , 
20_77/13, 2430584967, 530, 2429619178, 558, , 
20_77/14, 2430584967, 550, 2429619178, 578, , 
20_77/15, 2430584967, 570, 2429619178, 598, , 
20_77/16, 2430584967, 590, 2429619178, 618, , 
20_77/17, 2430584967, 610, 2429619178, 638, , 
20_77/18, 2430584967, 630, 2429619178, 658, , 
20_77/19, 2430584967, 650, 2429619178, 678, , 
20_77/20, 2430584967, 670, 2429619178, 698, , 
20_77/21, 2430584967, 690, 2429619178, 718, , 
20_77/22, 2430584967, 710, 2429619178, 738, , 
20_77/23, 2430584967, 730, 2429619178, 758, , 
20_77/24, 2430584967, 750, 2429619178, 778, , 
20_77/25, 2430584967, 770, 2429619178, 798, , 
20_77/26, 2430584967, 790, 2429619178, 818, , 
20_77/27, 2430584967, 810, 2429619178, 838, , 
20_77/28, 2430584967, 830, 2429619178, 858, , 
20_77/29, 2430584967, 850, 2429619178, 878, , 
20_77/30, 2430584967, 870, 2429619178, 898, , 
20_77/31, 2430584967, 890, 2429619178, 918, , 
20_77/32, 2430584967, 910, 2429619178, 938, , 
20_77/33, 2430584967, 930, 2429619178, 958, , 
20_77/34, 2430584967, 950, 2429619178, 978, , 
20_77/35, 2430584967, 970, 2429619178, 998, , 
20_77/36, 2430584967, 990, 2429619178, 1018, , 
20_77/37, 2430584967, 1010, 2429619178, 1038, , 
20_77/38, 2430584967, 1030, 2429619178, 1058, , 
20_77/39, 2430584967, 1050, 2429619178, 1078, , 
20_77/40, 2430584967, 1070, 2429619178, 1098, , 
20_77/41, 2430584967, 1090, 2429619178, 1118, , 
20_77/42, 2430584967, 1110, 2429619178, 1138, , 
20_77/43, 2430584967, 1130, 2429619178, 1158, , 
20_77/44, 2430584967, 1160, 2429619178, 1188, , 
20_77/45, 2430584967, 1190, 2429619178, 1218, , 
20_77/46, 2430584967, 1220, 2429619178, 1248, , 
20_77/47, 2430584967, 1250, 2429619178, 1278, , 
20_77/48, 2430584967, 1280, 2429619178, 1308, , 
20_77/49, 2430584967, 1310, 2429619178, 1338, , 
20_77/50, 2430584967, 1340, 2429619178, 1368, , 
20_77/51, 2430584967, 1370, 2429619178, 1398, , 
20_77/52, 2430584967, 1400, 2429619178, 1428, , 
20_80/0, 2429619178, 280, 2430584967, 308, , 
20_80/1, 2429619178, 300, 2430584967, 328, , 
20_80/2, 2429619178, 320, 2430584967, 348, , 
20_80/3, 2429619178, 340, 2430584967, 368, , 
20_80/4, 2429619178, 360, 2430584967, 388, , 
20_80/5, 2429619178, 380, 2430584967, 408, , 
20_80/6, 2429619178, 400, 2430584967, 428, , 
20_80/7, 2429619178, 420, 2430584967, 448, , 
20_80/8, 2429619178, 440, 2430584967, 468, , 
20_80/9, 2429619178, 460, 2430584967, 488, , 
20_80/10, 2429619178, 480, 2430584967, 508, , 
20_80/11, 2429619178, 500, 2430584967, 528, , 
20_80/12, 2429619178, 520, 2430584967, 548, , 
20_80/13, 2429619178, 540, 2430584967, 568, , 
20_80/14, 2429619178, 560, 2430584967, 588, , 
20_80/15, 2429619178, 580, 2430584967, 608, , 
20_80/16, 2429619178, 600, 2430584967, 628, , 
20_80/17, 2429619178, 620, 2430584967, 648, , 
20_80/18, 2429619178, 640, 2430584967, 668, , 
20_80/19, 2429619178, 660, 2430584967, 688, , 
20_80/20, 2429619178, 680, 2430584967, 708, , 
20_80/21, 2429619178, 700, 2430584967, 728, , 
20_80/22, 2429619178, 720, 2430584967, 748, , 
20_80/23, 2429619178, 740, 2430584967, 768, , 
20_80/24, 2429619178, 760, 2430584967, 788, , 
20_80/25, 2429619178, 780, 2430584967, 808, , 
20_80/26, 2429619178, 800, 2430584967, 828, , 
20_80/27, 2429619178, 820, 2430584967, 848, , 
20_80/28, 2429619178, 840, 2430584967, 868, , 
20_80/29, 2429619178, 860, 2430584967, 888, , 
20_80/30, 2429619178, 880, 2430584967, 908, , 
20_80/31, 2429619178, 900, 2430584967, 928, , 
20_80/32, 2429619178, 920, 2430584967, 948, , 
20_80/33, 2429619178, 940, 2430584967, 968, , 
20_80/34, 2429619178, 960, 2430584967, 988, , 
20_80/35, 2429619178, 980, 2430584967, 1008, , 
20_80/36, 2429619178, 1000, 2430584967, 1028, , 
20_80/37, 2429619178, 1020, 2430584967, 1048, , 
20_80/38, 2429619178, 1040, 2430584967, 1068, , 
20_80/39, 2429619178, 1060, 2430584967, 1088, , 
20_80/40, 2429619178, 1080, 2430584967, 1108, , 
20_80/41, 2429619178, 1100, 2430584967, 1128, , 
20_80/42, 2429619178, 1120, 2430584967, 1148, , 
20_80/43, 2429619178, 1140, 2430584967, 1168, , 
20_80/44, 2429619178, 1160, 2430584967, 1188, , 
20_80/45, 2429619178, 1190, 2430584967, 1218, , 
20_80/46, 2429619178, 1220, 2430584967, 1248, , 
20_80/47, 2429619178, 1250, 2430584967, 1278, , 
20_80/48, 2429619178, 1280, 2430584967, 1308, , 
20_80/49, 2429619178, 1310, 2430584967, 1338, , 
20_80/50, 2429619178, 1340, 2430584967, 1368, , 
20_80/51, 2429619178, 1370, 2430584967, 1398, , 
20_80/52, 2429619178, 1400, 2430584967, 1428, , 
76_233/0, 2429618954, 265, 2401194618, 291, , 
76_233/1, 2429618954, 280, 2401194618, 306, , 
76_233/2, 2429618954, 295, 2401194618, 321, , 
76_233/3, 2429618954, 325, 2401194618, 351, , 
76_233/4, 2429618954, 355, 2401194618, 381, , 
76_233/5, 2429618954, 385, 2401194618, 411, , 
76_233/6, 2429618954, 415, 2401194618, 441, , 
76_233/7, 2429618954, 445, 2401194618, 471, , 
76_233/8, 2429618954, 475, 2401194618, 501, , 
76_233/9, 2429618954, 505, 2401194618, 531, , 
76_233/10, 2429618954, 535, 2401194618, 561, , 
76_233/11, 2429618954, 565, 2401194618, 591, , 
76_233/12, 2429618954, 595, 2401194618, 621, , 
76_233/13, 2429618954, 625, 2401194618, 651, , 
76_233/14, 2429618954, 655, 2401194618, 681, , 
76_233/15, 2429618954, 685, 2401194618, 711, , 
76_233/16, 2429618954, 715, 2401194618, 741, , 
76_233/17, 2429618954, 745, 2401194618, 771, , 
76_233/18, 2429618954, 775, 2401194618, 801, , 
76_233/19, 2429618954, 805, 2401194618, 831, , 
76_233/20, 2429618954, 835, 2401194618, 861, , 
76_233/21, 2429618954, 865, 2401194618, 891, , 
76_233/22, 2429618954, 895, 2401194618, 921, , 
76_233/23, 2429618954, 925, 2401194618, 951, , 
76_233/24, 2429618954, 955, 2401194618, 981, , 
76_233/25, 2429618954, 985, 2401194618, 1011, , 
76_233/26, 2429618954, 1015, 2401194618, 1041, , 
76_233/27, 2429618954, 1045, 2401194618, 1071, , 
76_233/28, 2429618954, 1075, 2401194618, 1101, , 
76_233/29, 2429618954, 1105, 2401194618, 1131, , 
76_233/30, 2429618954, 1135, 2401194618, 1161, , 
76_233/31, 2429618954, 1165, 2401194618, 1191, , 
76_233/32, 2429618954, 1195, 2401194618, 1221, , 
76_233/33, 2429618954, 1225, 2401194618, 1251, , 
76_233/34, 2429618954, 1255, 2401194618, 1281, , 
76_233/35, 2429618954, 1285, 2401194618, 1311, , 
76_233/36, 2429618954, 1315, 2401194618, 1341, , 
76_233/37, 2429618954, 1345, 2401194618, 1371, , 
76_233/38, 2429618954, 1375, 2401194618, 1401, , 
76Y_772/0, 2429618954, 310, 2401194618, 330, , 
76Y_772/1, 2429618954, 340, 2401194618, 360, , 
76Y_772/2, 2429618954, 370, 2401194618, 390, , 
76Y_772/3, 2429618954, 400, 2401194618, 420, , 
76Y_772/4, 2429618954, 430, 2401194618, 450, , 
76Y_772/5, 2429618954, 850, 2401194618, 870, , 
76Y_772/6, 2429618954, 880, 2401194618, 900, , 
76Y_772/7, 2429618954, 910, 2401194618, 930, , 
76Y_772/8, 2429618954, 940, 2401194618, 960, , 
76Y_772/9, 2429618954, 970, 2401194618, 990, , 
76Y_772/10, 2429618954, 1000, 2401194618, 1020, , 
76Y_772/11, 2429618954, 1030, 2401194618, 1050, , 
76Y_772/12, 2429618954, 1060, 2401194618, 1080, , 
76Y_773/0, 2401194618, 340, 2429618954, 359, , 
76Y_773/1, 2401194618, 370, 2429618954, 389, , 
76Y_773/2, 2401194618, 400, 2429618954, 419, , 
76Y_773/3, 2401194618, 430, 2429618954, 449, , 
76Y_773/4, 2401194618, 460, 2429618954, 479, , 
76Y_773/5, 2401194618, 880, 2429618954, 899, , 
76Y_773/6, 2401194618, 910, 2429618954, 929, , 
76Y_773/7, 2401194618, 940, 2429618954, 959, , 
76Y_773/8, 2401194618, 970, 2429618954, 989, , 
76Y_773/9, 2401194618, 1000, 2429618954, 1019, , 
76Y_773/10, 2401194618, 1030, 2429618954, 1049, , 
76Y_773/11, 2401194618, 1060, 2429618954, 1079, , 
76Y_773/12, 2401194618, 1090, 2429618954, 1109, , 
36_13/0, 2429618831, 285, 3786985473, 318, , 
36_13/1, 2429618831, 305, 3786985473, 338, , 
36_13/2, 2429618831, 325, 3786985473, 358, , 
36_13/3, 2429618831, 345, 3786985473, 378, , 
36_13/4, 2429618831, 365, 3786985473, 398, , 
36_13/5, 2429618831, 385, 3786985473, 418, , 
36_13/6, 2429618831, 405, 3786985473, 438, , 
36_13/7, 2429618831, 425, 3786985473, 458, , 
36_13/8, 2429618831, 445, 3786985473, 478, , 
36_13/9, 2429618831, 465, 3786985473, 498, , 
36_13/10, 2429618831, 485, 3786985473, 518, , 
36_13/11, 2429618831, 520, 3786985473, 549, , 
36_13/12, 2429618831, 560, 3786985473, 589, , 
36_13/13, 2429618831, 600, 3786985473, 629, , 
36_13/14, 2429618831, 640, 3786985473, 669, , 
36_13/15, 2429618831, 680, 3786985473, 709, , 
36_13/16, 2429618831, 720, 3786985473, 749, , 
36_13/17, 2429618831, 745, 3786985473, 778, , 
36_13/18, 2429618831, 765, 3786985473, 798, , 
36_13/19, 2429618831, 785, 3786985473, 818, , 
36_13/20, 2429618831, 805, 3786985473, 838, , 
36_13/21, 2429618831, 825, 3786985473, 858, , 
36_13/22, 2429618831, 845, 3786985473, 878, , 
36_13/23, 2429618831, 860, 3786985473, 893, , 
36_13/24, 2429618831, 875, 3786985473, 908, , 
36_13/25, 2429618831, 890, 3786985473, 923, , 
36_13/26, 2429618831, 905, 3786985473, 938, , 
36_13/27, 2429618831, 920, 3786985473, 953, , 
36_13/28, 2429618831, 935, 3786985473, 968, , 
36_13/29, 2429618831, 950, 3786985473, 983, , 
36_13/30, 2429618831, 965, 3786985473, 998, , 
36_13/31, 2429618831, 980, 3786985473, 1013, , 
36_13/32, 2429618831, 995, 3786985473, 1028, , 
36_13/33, 2429618831, 1010, 3786985473, 1043, , 
36_13/34, 2429618831, 1025, 3786985473, 1058, , 
36_13/35, 2429618831, 1045, 3786985473, 1078, , 
36_13/36, 2429618831, 1065, 3786985473, 1098, , 
36_13/37, 2429618831, 1085, 3786985473, 1118, , 
36_13/38, 2429618831, 1105, 3786985473, 1138, , 
36_13/39, 2429618831, 1120, 3786985473, 1149, , 
36_13/40, 2429618831, 1140, 3786985473, 1169, , 
36_13/41, 2429618831, 1160, 3786985473, 1189, , 
36_13/42, 2429618831, 1200, 3786985473, 1229, , 
36_13/43, 2429618831, 1240, 3786985473, 1269, , 
36_13/44, 2429618831, 1280, 3786985473, 1309, , 
36_13/45, 2429618831, 1325, 3786985473, 1354, , 
36_13/46, 2429618831, 1378, 3786985473, 1407, , 
36_102/0, 3786985473, 260, 2429618831, 292, , 
36_102/1, 3786985473, 290, 2429618831, 322, , 
36_102/2, 3786985473, 310, 2429618831, 342, , 
36_102/3, 3786985473, 330, 2429618831, 362, , 
36_102/4, 3786985473, 350, 2429618831, 382, , 
36_102/5, 3786985473, 370, 2429618831, 402, , 
36_102/6, 3786985473, 390, 2429618831, 422, , 
36_102/7, 3786985473, 400, 2429618831, 432, , 
36_102/8, 3786985473, 410, 2429618831, 442, , 
36_102/9, 3786985473, 420, 2429618831, 452, , 
36_102/10, 3786985473, 430, 2429618831, 462, , 
36_102/11, 3786985473, 440, 2429618831, 472, , 
36_102/12, 3786985473, 450, 2429618831, 482, , 
36_102/13, 3786985473, 470, 2429618831, 502, , 
36_102/14, 3786985473, 490, 2429618831, 518, , 
36_102/15, 3786985473, 530, 2429618831, 558, , 
36_102/16, 3786985473, 570, 2429618831, 598, , 
36_102/17, 3786985473, 610, 2429618831, 638, , 
36_102/18, 3786985473, 650, 2429618831, 678, , 
36_102/19, 3786985473, 690, 2429618831, 718, , 
36_102/20, 3786985473, 730, 2429618831, 762, , 
36_102/21, 3786985473, 770, 2429618831, 802, , 
36_102/22, 3786985473, 790, 2429618831, 822, , 
36_102/23, 3786985473, 810, 2429618831, 842, , 
36_102/24, 3786985473, 825, 2429618831, 857, , 
36_102/25, 3786985473, 840, 2429618831, 872, , 
36_102/26, 3786985473, 855, 2429618831, 887, , 
36_102/27, 3786985473, 870, 2429618831, 902, , 
36_102/28, 3786985473, 885, 2429618831, 917, , 
36_102/29, 3786985473, 900, 2429618831, 932, , 
36_102/30, 3786985473, 915, 2429618831, 947, , 
36_102/31, 3786985473, 930, 2429618831, 962, , 
36_102/32, 3786985473, 945, 2429618831, 977, , 
36_102/33, 3786985473, 960, 2429618831, 992, , 
36_102/34, 3786985473, 975, 2429618831, 1007, , 
36_102/35, 3786985473, 990, 2429618831, 1022, , 
36_102/36, 3786985473, 1010, 2429618831, 1042, , 
36_102/37, 3786985473, 1030, 2429618831, 1062, , 
36_102/38, 3786985473, 1050, 2429618831, 1082, , 
36_102/39, 3786985473, 1070, 2429618831, 1102, , 
36_102/40, 3786985473, 1090, 2429618831, 1118, , 
36_102/41, 3786985473, 1110, 2429618831, 1138, , 
36_102/42, 3786985473, 1130, 2429618831, 1158, , 
36_102/43, 3786985473, 1170, 2429618831, 1198, , 
36_102/44, 3786985473, 1210, 2429618831, 1238, , 
36_102/45, 3786985473, 1250, 2429618831, 1278, , 
36_102/46, 3786985473, 1290, 2429618831, 1318, , 
36_102/47, 3786985473, 1330, 2429618831, 1358, , 
36_102/48, 3786985473, 1370, 2429618831, 1398, , 
75_225/0, 2429618976, 280, 3786985473, 307, , 
75_225/1, 2429618976, 300, 3786985473, 327, , 
75_225/2, 2429618976, 320, 3786985473, 347, , 
75_225/3, 2429618976, 340, 3786985473, 367, , 
75_225/4, 2429618976, 360, 3786985473, 387, , 
75_225/5, 2429618976, 380, 3786985473, 407, , 
75_225/6, 2429618976, 400, 3786985473, 427, , 
75_225/7, 2429618976, 420, 3786985473, 447, , 
75_225/8, 2429618976, 440, 3786985473, 467, , 
75_225/9, 2429618976, 460, 3786985473, 487, , 
75_225/10, 2429618976, 500, 3786985473, 527, , 
75_225/11, 2429618976, 540, 3786985473, 567, , 
75_225/12, 2429618976, 580, 3786985473, 607, , 
75_225/13, 2429618976, 620, 3786985473, 647, , 
75_225/14, 2429618976, 660, 3786985473, 687, , 
75_225/15, 2429618976, 700, 3786985473, 727, , 
75_225/16, 2429618976, 740, 3786985473, 767, , 
75_225/17, 2429618976, 760, 3786985473, 787, , 
75_225/18, 2429618976, 780, 3786985473, 807, , 
75_225/19, 2429618976, 795, 3786985473, 822, , 
75_225/20, 2429618976, 810, 3786985473, 837, , 
75_225/21, 2429618976, 825, 3786985473, 852, , 
75_225/22, 2429618976, 840, 3786985473, 867, , 
75_225/23, 2429618976, 855, 3786985473, 882, , 
75_225/24, 2429618976, 870, 3786985473, 897, , 
75_225/25, 2429618976, 885, 3786985473, 912, , 
75_225/26, 2429618976, 900, 3786985473, 927, , 
75_225/27, 2429618976, 915, 3786985473, 942, , 
75_225/28, 2429618976, 930, 3786985473, 957, , 
75_225/29, 2429618976, 945, 3786985473, 972, , 
75_225/30, 2429618976, 960, 3786985473, 987, , 
75_225/31, 2429618976, 980, 3786985473, 1007, , 
75_225/32, 2429618976, 1000, 3786985473, 1027, , 
75_225/33, 2429618976, 1020, 3786985473, 1047, , 
75_225/34, 2429618976, 1040, 3786985473, 1067, , 
75_225/35, 2429618976, 1060, 3786985473, 1087, , 
75_225/36, 2429618976, 1080, 3786985473, 1105, , 
75_225/37, 2429618976, 1100, 3786985473, 1125, , 
75_225/38, 2429618976, 1120, 3786985473, 1145, , 
75_225/39, 2429618976, 1140, 3786985473, 1165, , 
75_225/40, 2429618976, 1180, 3786985473, 1205, , 
75_225/41, 2429618976, 1220, 3786985473, 1245, , 
75_225/42, 2429618976, 1260, 3786985473, 1285, , 
75_225/43, 2429618976, 1300, 3786985473, 1325, , 
75_225/44, 2429618976, 1340, 3786985473, 1365, , 
75_225/45, 2429618976, 1380, 3786985473, 1405, , 
75_229/0, 3786985473, 260, 2429618973, 288, , 
75_229/1, 3786985473, 280, 2429618973, 308, , 
75_229/2, 3786985473, 300, 2429618973, 328, , 
75_229/3, 3786985473, 320, 2429618973, 348, , 
75_229/4, 3786985473, 340, 2429618973, 368, , 
75_229/5, 3786985473, 360, 2429618973, 388, , 
75_229/6, 3786985473, 380, 2429618973, 408, , 
75_229/7, 3786985473, 390, 2429618973, 418, , 
75_229/8, 3786985473, 400, 2429618973, 428, , 
75_229/9, 3786985473, 410, 2429618973, 438, , 
75_229/10, 3786985473, 420, 2429618973, 448, , 
75_229/11, 3786985473, 430, 2429618973, 458, , 
75_229/12, 3786985473, 440, 2429618973, 468, , 
75_229/13, 3786985473, 460, 2429618973, 488, , 
75_229/14, 3786985473, 480, 2429618973, 508, , 
75_229/15, 3786985473, 500, 2429618973, 528, , 
75_229/16, 3786985473, 520, 2429618973, 548, , 
75_229/17, 3786985473, 550, 2429618973, 578, , 
75_229/18, 3786985473, 590, 2429618973, 618, , 
75_229/19, 3786985473, 630, 2429618973, 658, , 
75_229/20, 3786985473, 670, 2429618973, 698, , 
75_229/21, 3786985473, 710, 2429618973, 738, , 
75_229/22, 3786985473, 750, 2429618973, 778, , 
75_229/23, 3786985473, 780, 2429618973, 808, , 
75_229/24, 3786985473, 800, 2429618973, 828, , 
75_229/25, 3786985473, 820, 2429618973, 848, , 
75_229/26, 3786985473, 840, 2429618973, 868, , 
75_229/27, 3786985473, 860, 2429618973, 888, , 
75_229/28, 3786985473, 880, 2429618973, 908, , 
75_229/29, 3786985473, 895, 2429618973, 923, , 
75_229/30, 3786985473, 910, 2429618973, 938, , 
75_229/31, 3786985473, 925, 2429618973, 953, , 
75_229/32, 3786985473, 940, 2429618973, 968, , 
75_229/33, 3786985473, 955, 2429618973, 983, , 
75_229/34, 3786985473, 970, 2429618973, 998, , 
75_229/35, 3786985473, 985, 2429618973, 1013, , 
75_229/36, 3786985473, 1000, 2429618973, 1028, , 
75_229/37, 3786985473, 1015, 2429618973, 1043, , 
75_229/38, 3786985473, 1030, 2429618973, 1058, , 
75_229/39, 3786985473, 1045, 2429618973, 1073, , 
75_229/40, 3786985473, 1060, 2429618973, 1088, , 
75_229/41, 3786985473, 1080, 2429618973, 1105, , 
75_229/42, 3786985473, 1100, 2429618973, 1125, , 
75_229/43, 3786985473, 1120, 2429618973, 1145, , 
75_229/44, 3786985473, 1150, 2429618973, 1175, , 
75_229/45, 3786985473, 1190, 2429618973, 1215, , 
75_229/46, 3786985473, 1230, 2429618973, 1255, , 
75_229/47, 3786985473, 1270, 2429618973, 1295, , 
75_229/48, 3786985473, 1310, 2429618973, 1335, , 
75_229/49, 3786985473, 1355, 2429618973, 1380, , 
60_130/0, 2429618962, 270, 2429103590, 293, , 
60_130/1, 2429618962, 300, 2429103590, 323, , 
60_130/2, 2429618962, 335, 2429103590, 358, , 
60_130/3, 2429618962, 355, 2429103590, 378, , 
60_130/4, 2429618962, 375, 2429103590, 398, , 
60_130/5, 2429618962, 395, 2429103590, 418, , 
60_130/6, 2429618962, 435, 2429103590, 458, , 
60_130/7, 2429618962, 455, 2429103590, 478, , 
60_130/8, 2429618962, 485, 2429103590, 508, , 
60_130/9, 2429618962, 515, 2429103590, 538, , 
60_130/10, 2429618962, 545, 2429103590, 568, , 
60_130/11, 2429618962, 575, 2429103590, 598, , 
60_130/12, 2429618962, 605, 2429103590, 628, , 
60_130/13, 2429618962, 635, 2429103590, 658, , 
60_130/14, 2429618962, 665, 2429103590, 688, , 
60_130/15, 2429618962, 695, 2429103590, 718, , 
60_130/16, 2429618962, 725, 2429103590, 748, , 
60_130/17, 2429618962, 755, 2429103590, 778, , 
60_130/18, 2429618962, 785, 2429103590, 808, , 
60_130/19, 2429618962, 815, 2429103590, 838, , 
60_130/20, 2429618962, 855, 2429103590, 878, , 
60_130/21, 2429618962, 875, 2429103590, 898, , 
60_130/22, 2429618962, 915, 2429103590, 938, , 
60_130/23, 2429618962, 935, 2429103590, 958, , 
60_130/24, 2429618962, 975, 2429103590, 998, , 
60_130/25, 2429618962, 995, 2429103590, 1018, , 
60_130/26, 2429618962, 1035, 2429103590, 1058, , 
60_130/27, 2429618962, 1055, 2429103590, 1078, , 
60_130/28, 2429618962, 1095, 2429103590, 1118, , 
60_130/29, 2429618962, 1175, 2429103590, 1198, , 
60_130/30, 2429618962, 1235, 2429103590, 1258, , 
60_130/31, 2429618962, 1295, 2429103590, 1318, , 
60_130/32, 2429618962, 1355, 2429103590, 1378, , 
60_134/0, 2429103590, 280, 2429618960, 303, , 
60_134/1, 2429103590, 390, 2429618960, 413, , 
60_134/2, 2429103590, 410, 2429618960, 433, , 
60_134/3, 2429103590, 430, 2429618960, 453, , 
60_134/4, 2429103590, 450, 2429618960, 473, , 
60_134/5, 2429103590, 470, 2429618960, 493, , 
60_134/6, 2429103590, 500, 2429618960, 523, , 
60_134/7, 2429103590, 560, 2429618960, 583, , 
60_134/8, 2429103590, 620, 2429618960, 643, , 
60_134/9, 2429103590, 680, 2429618960, 703, , 
60_134/10, 2429103590, 740, 2429618960, 763, , 
60_134/11, 2429103590, 800, 2429618960, 823, , 
60_134/12, 2429103590, 850, 2429618960, 873, , 
60_134/13, 2429103590, 870, 2429618960, 893, , 
60_134/14, 2429103590, 890, 2429618960, 913, , 
60_134/15, 2429103590, 910, 2429618960, 933, , 
60_134/16, 2429103590, 930, 2429618960, 953, , 
60_134/17, 2429103590, 950, 2429618960, 973, , 
60_134/18, 2429103590, 970, 2429618960, 993, , 
60_134/19, 2429103590, 990, 2429618960, 1013, , 
60_134/20, 2429103590, 1010, 2429618960, 1033, , 
60_134/21, 2429103590, 1030, 2429618960, 1053, , 
60_134/22, 2429103590, 1050, 2429618960, 1073, , 
60_134/23, 2429103590, 1070, 2429618960, 1093, , 
60_134/24, 2429103590, 1100, 2429618960, 1123, , 
60_134/25, 2429103590, 1140, 2429618960, 1163, , 
60_134/26, 2429103590, 1220, 2429618960, 1243, , 
60_134/27, 2429103590, 1280, 2429618960, 1303, , 
60_134/28, 2429103590, 1355, 2429618960, 1378, , 
60Y_138/0, 2429618962, 285, 2429103590, 309, , 
60Y_138/1, 2429618962, 365, 2429103590, 389, , 
60Y_138/2, 2429618962, 405, 2429103590, 429, , 
60Y_138/3, 2429618962, 425, 2429103590, 449, , 
60Y_138/4, 2429618962, 495, 2429103590, 519, , 
60Y_138/5, 2429618962, 560, 2429103590, 584, , 
60Y_138/6, 2429618962, 620, 2429103590, 644, , 
60Y_138/7, 2429618962, 680, 2429103590, 704, , 
60Y_138/8, 2429618962, 740, 2429103590, 764, , 
60Y_138/9, 2429618962, 800, 2429103590, 824, , 
60Y_138/10, 2429618962, 825, 2429103590, 849, , 
60Y_138/11, 2429618962, 845, 2429103590, 869, , 
60Y_138/12, 2429618962, 865, 2429103590, 889, , 
60Y_138/13, 2429618962, 885, 2429103590, 909, , 
60Y_138/14, 2429618962, 905, 2429103590, 929, , 
60Y_138/15, 2429618962, 925, 2429103590, 949, , 
60Y_138/16, 2429618962, 945, 2429103590, 969, , 
60Y_138/17, 2429618962, 965, 2429103590, 989, , 
60Y_138/18, 2429618962, 985, 2429103590, 1009, , 
60Y_138/19, 2429618962, 1005, 2429103590, 1029, , 
60Y_138/20, 2429618962, 1025, 2429103590, 1049, , 
60Y_138/21, 2429618962, 1045, 2429103590, 1069, , 
60Y_138/22, 2429618962, 1115, 2429103590, 1139, , 
60Y_138/23, 2429618962, 1155, 2429103590, 1179, , 
60Y_138/24, 2429618962, 1380, 2429103590, 1404, , 
60Y_142/0, 2429103590, 295, 2429618960, 319, , 
60Y_142/1, 2429103590, 325, 2429618960, 349, , 
60Y_142/2, 2429103590, 360, 2429618960, 384, , 
60Y_142/3, 2429103590, 380, 2429618960, 404, , 
60Y_142/4, 2429103590, 420, 2429618960, 444, , 
60Y_142/5, 2429103590, 440, 2429618960, 464, , 
60Y_142/6, 2429103590, 480, 2429618960, 504, , 
60Y_142/7, 2429103590, 510, 2429618960, 534, , 
60Y_142/8, 2429103590, 540, 2429618960, 564, , 
60Y_142/9, 2429103590, 570, 2429618960, 594, , 
60Y_142/10, 2429103590, 600, 2429618960, 624, , 
60Y_142/11, 2429103590, 630, 2429618960, 654, , 
60Y_142/12, 2429103590, 660, 2429618960, 684, , 
60Y_142/13, 2429103590, 690, 2429618960, 714, , 
60Y_142/14, 2429103590, 720, 2429618960, 744, , 
60Y_142/15, 2429103590, 750, 2429618960, 774, , 
60Y_142/16, 2429103590, 780, 2429618960, 804, , 
60Y_142/17, 2429103590, 810, 2429618960, 834, , 
60Y_142/18, 2429103590, 840, 2429618960, 864, , 
60Y_142/19, 2429103590, 860, 2429618960, 884, , 
60Y_142/20, 2429103590, 900, 2429618960, 924, , 
60Y_142/21, 2429103590, 920, 2429618960, 944, , 
60Y_142/22, 2429103590, 960, 2429618960, 984, , 
60Y_142/23, 2429103590, 980, 2429618960, 1004, , 
60Y_142/24, 2429103590, 1020, 2429618960, 1044, , 
60Y_142/25, 2429103590, 1040, 2429618960, 1064, , 
60Y_142/26, 2429103590, 1080, 2429618960, 1104, , 
60Y_142/27, 2429103590, 1160, 2429618960, 1184, , 
60Y_142/28, 2429103590, 1200, 2429618960, 1224, , 
60Y_142/29, 2429103590, 1320, 2429618960, 1344, , 
67_724/0, 2429103590, 310, 2430584982, 355, , 
67_724/1, 2429103590, 340, 2430584982, 385, , 
67_724/2, 2429103590, 370, 2430584982, 415, , 
67_724/3, 2429103590, 520, 2430584982, 565, , 
67_724/4, 2429103590, 585, 2430584982, 630, , 
67_724/5, 2429103590, 645, 2430584982, 690, , 
67_724/6, 2429103590, 705, 2430584982, 750, , 
67_724/7, 2429103590, 765, 2430584982, 810, , 
67_724/8, 2429103590, 825, 2430584982, 870, , 
67_724/9, 2429103590, 1180, 2430584982, 1225, , 
67Y_727/0, 2430584983, 293, 2429103590, 338, , 
67Y_727/1, 2430584983, 323, 2429103590, 368, , 
67Y_727/2, 2430584983, 358, 2429103590, 403, , 
67Y_727/3, 2430584983, 418, 2429103590, 463, , 
67Y_727/4, 2430584983, 453, 2429103590, 498, , 
67Y_727/5, 2430584983, 513, 2429103590, 558, , 
67Y_727/6, 2430584983, 573, 2429103590, 618, , 
67Y_727/7, 2430584983, 633, 2429103590, 678, , 
67Y_727/8, 2430584983, 693, 2429103590, 738, , 
67Y_727/9, 2430584983, 753, 2429103590, 798, , 
67Y_727/10, 2430584983, 1053, 2429103590, 1098, , 
67Y_727/11, 2430584983, 1173, 2429103590, 1218, , 
67Y_727/12, 2430584983, 1233, 2429103590, 1278, , 
67Y_727/13, 2430584983, 1308, 2429103590, 1353, , 
76_237/0, 2401194618, 275, 2429618954, 301, , 
76_237/1, 2401194618, 295, 2429618954, 321, , 
76_237/2, 2401194618, 310, 2429618954, 336, , 
76_237/3, 2401194618, 325, 2429618954, 351, , 
76_237/4, 2401194618, 355, 2429618954, 381, , 
76_237/5, 2401194618, 385, 2429618954, 411, , 
76_237/6, 2401194618, 415, 2429618954, 441, , 
76_237/7, 2401194618, 445, 2429618954, 471, , 
76_237/8, 2401194618, 475, 2429618954, 501, , 
76_237/9, 2401194618, 505, 2429618954, 531, , 
76_237/10, 2401194618, 535, 2429618954, 561, , 
76_237/11, 2401194618, 565, 2429618954, 591, , 
76_237/12, 2401194618, 595, 2429618954, 621, , 
76_237/13, 2401194618, 625, 2429618954, 651, , 
76_237/14, 2401194618, 655, 2429618954, 681, , 
76_237/15, 2401194618, 685, 2429618954, 711, , 
76_237/16, 2401194618, 715, 2429618954, 741, , 
76_237/17, 2401194618, 745, 2429618954, 771, , 
76_237/18, 2401194618, 775, 2429618954, 801, , 
76_237/19, 2401194618, 805, 2429618954, 831, , 
76_237/20, 2401194618, 835, 2429618954, 861, , 
76_237/21, 2401194618, 865, 2429618954, 891, , 
76_237/22, 2401194618, 895, 2429618954, 921, , 
76_237/23, 2401194618, 925, 2429618954, 951, , 
76_237/24, 2401194618, 955, 2429618954, 981, , 
76_237/25, 2401194618, 985, 2429618954, 1011, , 
76_237/26, 2401194618, 1015, 2429618954, 1041, , 
76_237/27, 2401194618, 1045, 2429618954, 1071, , 
76_237/28, 2401194618, 1075, 2429618954, 1101, , 
76_237/29, 2401194618, 1105, 2429618954, 1131, , 
76_237/30, 2401194618, 1135, 2429618954, 1161, , 
76_237/31, 2401194618, 1165, 2429618954, 1191, , 
76_237/32, 2401194618, 1195, 2429618954, 1221, , 
76_237/33, 2401194618, 1225, 2429618954, 1251, , 
76_237/34, 2401194618, 1255, 2429618954, 1281, , 
76_237/35, 2401194618, 1285, 2429618954, 1311, , 
76_237/36, 2401194618, 1315, 2429618954, 1341, , 
76_237/37, 2401194618, 1345, 2429618954, 1371, , 
76_237/38, 2401194618, 1375, 2429618954, 1401, , 
74_215/0, 2429618954, 280, 2430584910, 301, , 
74_215/1, 2429618954, 300, 2430584910, 321, , 
74_215/2, 2429618954, 320, 2430584910, 341, , 
74_215/3, 2429618954, 340, 2430584910, 361, , 
74_215/4, 2429618954, 360, 2430584910, 381, , 
74_215/5, 2429618954, 380, 2430584910, 401, , 
74_215/6, 2429618954, 400, 2430584910, 421, , 
74_215/7, 2429618954, 420, 2430584910, 441, , 
74_215/8, 2429618954, 440, 2430584910, 461, , 
74_215/9, 2429618954, 460, 2430584910, 481, , 
74_215/10, 2429618954, 490, 2430584910, 511, , 
74_215/11, 2429618954, 520, 2430584910, 541, , 
74_215/12, 2429618954, 550, 2430584910, 571, , 
74_215/13, 2429618954, 580, 2430584910, 601, , 
74_215/14, 2429618954, 610, 2430584910, 631, , 
74_215/15, 2429618954, 640, 2430584910, 661, , 
74_215/16, 2429618954, 670, 2430584910, 691, , 
74_215/17, 2429618954, 700, 2430584910, 721, , 
74_215/18, 2429618954, 730, 2430584910, 751, , 
74_215/19, 2429618954, 760, 2430584910, 781, , 
74_215/20, 2429618954, 790, 2430584910, 811, , 
74_215/21, 2429618954, 820, 2430584910, 841, , 
74_215/22, 2429618954, 840, 2430584910, 861, , 
74_215/23, 2429618954, 860, 2430584910, 881, , 
74_215/24, 2429618954, 880, 2430584910, 901, , 
74_215/25, 2429618954, 900, 2430584910, 921, , 
74_215/26, 2429618954, 920, 2430584910, 941, , 
74_215/27, 2429618954, 940, 2430584910, 961, , 
74_215/28, 2429618954, 960, 2430584910, 981, , 
74_215/29, 2429618954, 980, 2430584910, 1001, , 
74_215/30, 2429618954, 1000, 2430584910, 1021, , 
74_215/31, 2429618954, 1020, 2430584910, 1041, , 
74_215/32, 2429618954, 1040, 2430584910, 1061, , 
74_215/33, 2429618954, 1060, 2430584910, 1081, , 
74_215/34, 2429618954, 1080, 2430584910, 1101, , 
74_215/35, 2429618954, 1100, 2430584910, 1121, , 
74_215/36, 2429618954, 1120, 2430584910, 1141, , 
74_215/37, 2429618954, 1150, 2430584910, 1171, , 
74_215/38, 2429618954, 1180, 2430584910, 1201, , 
74_215/39, 2429618954, 1210, 2430584910, 1231, , 
74_215/40, 2429618954, 1240, 2430584910, 1261, , 
74_215/41, 2429618954, 1270, 2430584910, 1291, , 
74_215/42, 2429618954, 1300, 2430584910, 1321, , 
74_215/43, 2429618954, 1330, 2430584910, 1351, , 
74_215/44, 2429618954, 1365, 2430584910, 1386, , 
74_219/0, 2430584910, 275, 2429618954, 296, , 
74_219/1, 2430584910, 305, 2429618954, 326, , 
74_219/2, 2430584910, 325, 2429618954, 346, , 
74_219/3, 2430584910, 345, 2429618954, 366, , 
74_219/4, 2430584910, 365, 2429618954, 386, , 
74_219/5, 2430584910, 385, 2429618954, 406, , 
74_219/6, 2430584910, 405, 2429618954, 426, , 
74_219/7, 2430584910, 425, 2429618954, 446, , 
74_219/8, 2430584910, 445, 2429618954, 466, , 
74_219/9, 2430584910, 465, 2429618954, 486, , 
74_219/10, 2430584910, 485, 2429618954, 506, , 
74_219/11, 2430584910, 515, 2429618954, 536, , 
74_219/12, 2430584910, 545, 2429618954, 566, , 
74_219/13, 2430584910, 575, 2429618954, 596, , 
74_219/14, 2430584910, 605, 2429618954, 626, , 
74_219/15, 2430584910, 635, 2429618954, 656, , 
74_219/16, 2430584910, 665, 2429618954, 686, , 
74_219/17, 2430584910, 695, 2429618954, 716, , 
74_219/18, 2430584910, 725, 2429618954, 746, , 
74_219/19, 2430584910, 755, 2429618954, 776, , 
74_219/20, 2430584910, 785, 2429618954, 806, , 
74_219/21, 2430584910, 815, 2429618954, 836, , 
74_219/22, 2430584910, 845, 2429618954, 866, , 
74_219/23, 2430584910, 865, 2429618954, 886, , 
74_219/24, 2430584910, 885, 2429618954, 906, , 
74_219/25, 2430584910, 905, 2429618954, 926, , 
74_219/26, 2430584910, 925, 2429618954, 946, , 
74_219/27, 2430584910, 945, 2429618954, 966, , 
74_219/28, 2430584910, 965, 2429618954, 986, , 
74_219/29, 2430584910, 985, 2429618954, 1006, , 
74_219/30, 2430584910, 1005, 2429618954, 1026, , 
74_219/31, 2430584910, 1025, 2429618954, 1046, , 
74_219/32, 2430584910, 1045, 2429618954, 1066, , 
74_219/33, 2430584910, 1065, 2429618954, 1086, , 
74_219/34, 2430584910, 1085, 2429618954, 1106, , 
74_219/35, 2430584910, 1105, 2429618954, 1126, , 
74_219/36, 2430584910, 1125, 2429618954, 1146, , 
74_219/37, 2430584910, 1145, 2429618954, 1166, , 
74_219/38, 2430584910, 1175, 2429618954, 1196, , 
74_219/39, 2430584910, 1205, 2429618954, 1226, , 
74_219/40, 2430584910, 1235, 2429618954, 1256, , 
74_219/41, 2430584910, 1265, 2429618954, 1286, , 
74_219/42, 2430584910, 1295, 2429618954, 1316, , 
74_219/43, 2430584910, 1325, 2429618954, 1346, , 
74_219/44, 2430584910, 1386, 2429618954, 1407, , 
77_243/0, 2429619104, 270, 2430585037, 296, , 
77_243/1, 2429619104, 330, 2430585037, 356, , 
77_243/2, 2429619104, 390, 2430585037, 416, , 
77_243/3, 2429619104, 450, 2430585037, 476, , 
77_243/4, 2429619104, 510, 2430585037, 536, , 
77_243/5, 2429619104, 570, 2430585037, 596, , 
77_243/6, 2429619104, 630, 2430585037, 656, , 
77_243/7, 2429619104, 690, 2430585037, 716, , 
77_243/8, 2429619104, 750, 2430585037, 776, , 
77_243/9, 2429619104, 810, 2430585037, 836, , 
77_243/10, 2429619104, 870, 2430585037, 896, , 
77_243/11, 2429619104, 930, 2430585037, 956, , 
77_243/12, 2429619104, 990, 2430585037, 1016, , 
77_243/13, 2429619104, 1050, 2430585037, 1076, , 
77_243/14, 2429619104, 1110, 2430585037, 1136, , 
77_243/15, 2429619104, 1170, 2430585037, 1196, , 
77_243/16, 2429619104, 1230, 2430585037, 1256, , 
77_243/17, 2429619104, 1290, 2430585037, 1316, , 
77_243/18, 2429619104, 1357, 2430585037, 1383, , 
77A_586/0, 2430585037, 267, 2429618964, 286, , 
77A_586/1, 2430585037, 317, 2429618964, 336, , 
77A_586/2, 2430585037, 337, 2429618964, 356, , 
77A_586/3, 2430585037, 377, 2429618964, 396, , 
77A_586/4, 2430585037, 397, 2429618964, 416, , 
77A_586/5, 2430585037, 437, 2429618964, 456, , 
77A_586/6, 2430585037, 457, 2429618964, 476, , 
77A_586/7, 2430585037, 497, 2429618964, 516, , 
77A_586/8, 2430585037, 517, 2429618964, 536, , 
77A_586/9, 2430585037, 557, 2429618964, 576, , 
77A_586/10, 2430585037, 577, 2429618964, 596, , 
77A_586/11, 2430585037, 617, 2429618964, 636, , 
77A_586/12, 2430585037, 637, 2429618964, 656, , 
77A_586/13, 2430585037, 677, 2429618964, 696, , 
77A_586/14, 2430585037, 697, 2429618964, 716, , 
77A_586/15, 2430585037, 737, 2429618964, 756, , 
77A_586/16, 2430585037, 757, 2429618964, 776, , 
77A_586/17, 2430585037, 797, 2429618964, 816, , 
77A_586/18, 2430585037, 817, 2429618964, 836, , 
77A_586/19, 2430585037, 857, 2429618964, 876, , 
77A_586/20, 2430585037, 877, 2429618964, 896, , 
77A_586/21, 2430585037, 917, 2429618964, 936, , 
77A_586/22, 2430585037, 937, 2429618964, 956, , 
77A_586/23, 2430585037, 977, 2429618964, 996, , 
77A_586/24, 2430585037, 997, 2429618964, 1016, , 
77A_586/25, 2430585037, 1037, 2429618964, 1056, , 
77A_586/26, 2430585037, 1057, 2429618964, 1076, , 
77A_586/27, 2430585037, 1097, 2429618964, 1116, , 
77A_586/28, 2430585037, 1117, 2429618964, 1136, , 
77A_586/29, 2430585037, 1157, 2429618964, 1176, , 
77A_586/30, 2430585037, 1177, 2429618964, 1196, , 
77A_586/31, 2430585037, 1227, 2429618964, 1246, , 
77A_586/32, 2430585037, 1287, 2429618964, 1306, , 
77A_586/33, 2430585037, 1347, 2429618964, 1366, , 
77A_586/34, 2430585037, 1385, 2429618964, 1404, , 
77A_583/0, 2429618966, 248, 2430585037, 266, , 
77A_583/1, 2429618966, 298, 2430585037, 316, , 
77A_583/2, 2429618966, 318, 2430585037, 336, , 
77A_583/3, 2429618966, 358, 2430585037, 376, , 
77A_583/4, 2429618966, 378, 2430585037, 396, , 
77A_583/5, 2429618966, 418, 2430585037, 436, , 
77A_583/6, 2429618966, 438, 2430585037, 456, , 
77A_583/7, 2429618966, 478, 2430585037, 496, , 
77A_583/8, 2429618966, 498, 2430585037, 516, , 
77A_583/9, 2429618966, 538, 2430585037, 556, , 
77A_583/10, 2429618966, 558, 2430585037, 576, , 
77A_583/11, 2429618966, 598, 2430585037, 616, , 
77A_583/12, 2429618966, 618, 2430585037, 636, , 
77A_583/13, 2429618966, 658, 2430585037, 676, , 
77A_583/14, 2429618966, 678, 2430585037, 696, , 
77A_583/15, 2429618966, 718, 2430585037, 736, , 
77A_583/16, 2429618966, 738, 2430585037, 756, , 
77A_583/17, 2429618966, 778, 2430585037, 796, , 
77A_583/18, 2429618966, 798, 2430585037, 816, , 
77A_583/19, 2429618966, 838, 2430585037, 856, , 
77A_583/20, 2429618966, 858, 2430585037, 876, , 
77A_583/21, 2429618966, 898, 2430585037, 916, , 
77A_583/22, 2429618966, 918, 2430585037, 936, , 
77A_583/23, 2429618966, 958, 2430585037, 976, , 
77A_583/24, 2429618966, 978, 2430585037, 996, , 
77A_583/25, 2429618966, 1018, 2430585037, 1036, , 
77A_583/26, 2429618966, 1038, 2430585037, 1056, , 
77A_583/27, 2429618966, 1078, 2430585037, 1096, , 
77A_583/28, 2429618966, 1098, 2430585037, 1116, , 
77A_583/29, 2429618966, 1138, 2430585037, 1156, , 
77A_583/30, 2429618966, 1158, 2430585037, 1176, , 
77A_583/31, 2429618966, 1208, 2430585037, 1226, , 
77A_583/32, 2429618966, 1268, 2430585037, 1286, , 
77A_583/33, 2429618966, 1328, 2430585037, 1346, , 
78_252/0, 2429618979, 315, 2429618973, 341, , 
78_252/1, 2429618979, 345, 2429618973, 371, , 
78_252/2, 2429618979, 375, 2429618973, 401, , 
78_252/3, 2429618979, 405, 2429618973, 431, , 
78_252/4, 2429618979, 435, 2429618973, 461, , 
78_252/5, 2429618979, 495, 2429618973, 521, , 
78_252/6, 2429618979, 555, 2429618973, 581, , 
78_252/7, 2429618979, 615, 2429618973, 641, , 
78_252/8, 2429618979, 675, 2429618973, 701, , 
78_252/9, 2429618979, 735, 2429618973, 761, , 
78_252/10, 2429618979, 795, 2429618973, 821, , 
78_252/11, 2429618979, 855, 2429618973, 881, , 
78_252/12, 2429618979, 915, 2429618973, 941, , 
78_252/13, 2429618979, 975, 2429618973, 1001, , 
78_252/14, 2429618979, 1035, 2429618973, 1061, , 
78_252/15, 2429618979, 1095, 2429618973, 1121, , 
78_252/16, 2429618979, 1155, 2429618973, 1181, , 
78_252/17, 2429618979, 1215, 2429618973, 1241, , 
78_252/18, 2429618979, 1275, 2429618973, 1301, , 
78_252/19, 2429618979, 1325, 2429618973, 1351, , 
78_252/20, 2429618979, 1365, 2429618973, 1391, , 
84_298/0, 2429103553, 377, 2430584956, 394, , 
84_298/1, 2429103553, 397, 2430584956, 414, , 
84_298/2, 2429103553, 417, 2430584956, 434, , 
84_298/3, 2429103553, 437, 2430584956, 454, , 
84_298/4, 2429103553, 457, 2430584956, 474, , 
84_298/5, 2429103553, 477, 2430584956, 494, , 
84_298/6, 2429103553, 857, 2430584956, 874, , 
84_298/7, 2429103553, 877, 2430584956, 894, , 
84_298/8, 2429103553, 897, 2430584956, 914, , 
84_298/9, 2429103553, 917, 2430584956, 934, , 
84_298/10, 2429103553, 937, 2430584956, 954, , 
84_298/11, 2429103553, 957, 2430584956, 974, , 
84_298/12, 2429103553, 977, 2430584956, 994, , 
84_298/13, 2429103553, 997, 2430584956, 1014, , 
84_298/14, 2429103553, 1017, 2430584956, 1034, , 
84_298/15, 2429103553, 1037, 2430584956, 1054, , 
84_298/16, 2429103553, 1057, 2430584956, 1074, , 
84_298/17, 2429103553, 1077, 2430584956, 1094, , 
84_293/0, 2430584956, 359, 2429103554, 377, , 
84_293/1, 2430584956, 379, 2429103554, 397, , 
84_293/2, 2430584956, 399, 2429103554, 417, , 
84_293/3, 2430584956, 419, 2429103554, 437, , 
84_293/4, 2430584956, 439, 2429103554, 457, , 
84_293/5, 2430584956, 459, 2429103554, 477, , 
84_293/6, 2430584956, 839, 2429103554, 857, , 
84_293/7, 2430584956, 859, 2429103554, 877, , 
84_293/8, 2430584956, 879, 2429103554, 897, , 
84_293/9, 2430584956, 899, 2429103554, 917, , 
84_293/10, 2430584956, 919, 2429103554, 937, , 
84_293/11, 2430584956, 939, 2429103554, 957, , 
84_293/12, 2430584956, 959, 2429103554, 977, , 
84_293/13, 2430584956, 979, 2429103554, 997, , 
84_293/14, 2430584956, 999, 2429103554, 1017, , 
84_293/15, 2430584956, 1019, 2429103554, 1037, , 
84_293/16, 2430584956, 1039, 2429103554, 1057, , 
84_293/17, 2430584956, 1059, 2429103554, 1077, , 
90_313/0, 2429103553, 230, 2429619100, 267, , 
90_313/1, 2429103553, 267, 2429619100, 304, , 
90_313/2, 2429103553, 287, 2429619100, 324, , 
90_313/3, 2429103553, 307, 2429619100, 344, , 
90_313/4, 2429103553, 327, 2429619100, 364, , 
90_313/5, 2429103553, 347, 2429619100, 384, , 
90_313/6, 2429103553, 367, 2429619100, 404, , 
90_313/7, 2429103553, 387, 2429619100, 424, , 
90_313/8, 2429103553, 407, 2429619100, 444, , 
90_313/9, 2429103553, 427, 2429619100, 464, , 
90_313/10, 2429103553, 447, 2429619100, 484, , 
90_313/11, 2429103553, 467, 2429619100, 504, , 
90_313/12, 2429103553, 487, 2429619100, 524, , 
90_313/13, 2429103553, 507, 2429619100, 544, , 
90_313/14, 2429103553, 527, 2429619100, 564, , 
90_313/15, 2429103553, 547, 2429619100, 584, , 
90_313/16, 2429103553, 567, 2429619100, 604, , 
90_313/17, 2429103553, 587, 2429619100, 624, , 
90_313/18, 2429103553, 607, 2429619100, 644, , 
90_313/19, 2429103553, 627, 2429619100, 664, , 
90_313/20, 2429103553, 647, 2429619100, 684, , 
90_313/21, 2429103553, 667, 2429619100, 704, , 
90_313/22, 2429103553, 687, 2429619100, 724, , 
90_313/23, 2429103553, 707, 2429619100, 744, , 
90_313/24, 2429103553, 727, 2429619100, 764, , 
90_313/25, 2429103553, 747, 2429619100, 784, , 
90_313/26, 2429103553, 767, 2429619100, 804, , 
90_313/27, 2429103553, 787, 2429619100, 824, , 
90_313/28, 2429103553, 807, 2429619100, 844, , 
90_313/29, 2429103553, 827, 2429619100, 864, , 
90_313/30, 2429103553, 847, 2429619100, 884, , 
90_313/31, 2429103553, 867, 2429619100, 904, , 
90_313/32, 2429103553, 887, 2429619100, 924, , 
90_313/33, 2429103553, 907, 2429619100, 944, , 
90_313/34, 2429103553, 927, 2429619100, 964, , 
90_313/35, 2429103553, 947, 2429619100, 984, , 
90_313/36, 2429103553, 967, 2429619100, 1004, , 
90_313/37, 2429103553, 987, 2429619100, 1024, , 
90_313/38, 2429103553, 1007, 2429619100, 1044, , 
90_313/39, 2429103553, 1027, 2429619100, 1064, , 
90_313/40, 2429103553, 1047, 2429619100, 1084, , 
90_313/41, 2429103553, 1067, 2429619100, 1104, , 
90_313/42, 2429103553, 1087, 2429619100, 1124, , 
90_313/43, 2429103553, 1107, 2429619100, 1144, , 
90_313/44, 2429103553, 1127, 2429619100, 1164, , 
90_313/45, 2429103553, 1147, 2429619100, 1184, , 
90_313/46, 2429103553, 1167, 2429619100, 1204, , 
90_313/47, 2429103553, 1187, 2429619100, 1224, , 
90_313/48, 2429103553, 1207, 2429619100, 1244, , 
90_313/49, 2429103553, 1227, 2429619100, 1264, , 
90_313/50, 2429103553, 1247, 2429619100, 1284, , 
90_313/51, 2429103553, 1277, 2429619100, 1314, , 
90_313/52, 2429103553, 1307, 2429619100, 1344, , 
90_313/53, 2429103553, 1337, 2429619100, 1374, , 
90_313/54, 2429103553, 1375, 2429619100, 1412, , 
90_317/0, 2429619104, 245, 2429103554, 284, , 
90_317/1, 2429619104, 288, 2429103554, 327, , 
90_317/2, 2429619104, 308, 2429103554, 347, , 
90_317/3, 2429619104, 328, 2429103554, 367, , 
90_317/4, 2429619104, 348, 2429103554, 387, , 
90_317/5, 2429619104, 368, 2429103554, 407, , 
90_317/6, 2429619104, 388, 2429103554, 427, , 
90_317/7, 2429619104, 408, 2429103554, 447, , 
90_317/8, 2429619104, 428, 2429103554, 467, , 
90_317/9, 2429619104, 448, 2429103554, 487, , 
90_317/10, 2429619104, 468, 2429103554, 507, , 
90_317/11, 2429619104, 488, 2429103554, 527, , 
90_317/12, 2429619104, 508, 2429103554, 547, , 
90_317/13, 2429619104, 528, 2429103554, 567, , 
90_317/14, 2429619104, 548, 2429103554, 587, , 
90_317/15, 2429619104, 568, 2429103554, 607, , 
90_317/16, 2429619104, 588, 2429103554, 627, , 
90_317/17, 2429619104, 608, 2429103554, 647, , 
90_317/18, 2429619104, 628, 2429103554, 667, , 
90_317/19, 2429619104, 648, 2429103554, 687, , 
90_317/20, 2429619104, 668, 2429103554, 707, , 
90_317/21, 2429619104, 688, 2429103554, 727, , 
90_317/22, 2429619104, 708, 2429103554, 747, , 
90_317/23, 2429619104, 728, 2429103554, 767, , 
90_317/24, 2429619104, 748, 2429103554, 787, , 
90_317/25, 2429619104, 768, 2429103554, 807, , 
90_317/26, 2429619104, 788, 2429103554, 827, , 
90_317/27, 2429619104, 808, 2429103554, 847, , 
90_317/28, 2429619104, 828, 2429103554, 867, , 
90_317/29, 2429619104, 848, 2429103554, 887, , 
90_317/30, 2429619104, 868, 2429103554, 907, , 
90_317/31, 2429619104, 888, 2429103554, 927, , 
90_317/32, 2429619104, 908, 2429103554, 947, , 
90_317/33, 2429619104, 928, 2429103554, 967, , 
90_317/34, 2429619104, 948, 2429103554, 987, , 
90_317/35, 2429619104, 968, 2429103554, 1007, , 
90_317/36, 2429619104, 988, 2429103554, 1027, , 
90_317/37, 2429619104, 1008, 2429103554, 1047, , 
90_317/38, 2429619104, 1028, 2429103554, 1067, , 
90_317/39, 2429619104, 1048, 2429103554, 1087, , 
90_317/40, 2429619104, 1068, 2429103554, 1107, , 
90_317/41, 2429619104, 1088, 2429103554, 1127, , 
90_317/42, 2429619104, 1108, 2429103554, 1147, , 
90_317/43, 2429619104, 1128, 2429103554, 1167, , 
90_317/44, 2429619104, 1148, 2429103554, 1187, , 
90_317/45, 2429619104, 1168, 2429103554, 1207, , 
90_317/46, 2429619104, 1188, 2429103554, 1227, , 
90_317/47, 2429619104, 1208, 2429103554, 1247, , 
90_317/48, 2429619104, 1228, 2429103554, 1267, , 
90_317/49, 2429619104, 1248, 2429103554, 1287, , 
90_317/50, 2429619104, 1268, 2429103554, 1307, , 
90_317/51, 2429619104, 1288, 2429103554, 1327, , 
90_317/52, 2429619104, 1318, 2429103554, 1357, , 
90_317/53, 2429619104, 1348, 2429103554, 1387, , 
90_317/54, 2429619104, 1378, 2429103554, 1417, , 
72A_879/0, 2429103545, 410, 4942249835, 439, , 
72A_879/1, 2429103545, 470, 4942249835, 499, , 
72A_879/2, 2429103545, 950, 4942249835, 979, , 
72A_879/3, 2429103545, 1010, 4942249835, 1039, , 
72A_879/4, 2429103545, 1070, 4942249835, 1099, , 
72A_879/5, 2429103545, 1130, 4942249835, 1159, , 
72A_750/0, 2429103545, 270, 2429618957, 288, , 
72A_750/1, 2429103545, 290, 2429618957, 308, , 
72A_750/2, 2429103545, 330, 2429618957, 348, , 
72A_750/3, 2429103545, 350, 2429618957, 368, , 
72A_750/4, 2429103545, 390, 2429618957, 408, , 
72A_750/5, 2429103545, 450, 2429618957, 468, , 
72A_750/6, 2429103545, 510, 2429618957, 528, , 
72A_750/7, 2429103545, 530, 2429618957, 548, , 
72A_750/8, 2429103545, 570, 2429618957, 588, , 
72A_750/9, 2429103545, 590, 2429618957, 608, , 
72A_750/10, 2429103545, 630, 2429618957, 648, , 
72A_750/11, 2429103545, 650, 2429618957, 668, , 
72A_750/12, 2429103545, 690, 2429618957, 708, , 
72A_750/13, 2429103545, 710, 2429618957, 728, , 
72A_750/14, 2429103545, 750, 2429618957, 768, , 
72A_750/15, 2429103545, 770, 2429618957, 788, , 
72A_750/16, 2429103545, 810, 2429618957, 828, , 
72A_750/17, 2429103545, 830, 2429618957, 848, , 
72A_750/18, 2429103545, 870, 2429618957, 888, , 
72A_750/19, 2429103545, 890, 2429618957, 908, , 
72A_750/20, 2429103545, 930, 2429618957, 948, , 
72A_750/21, 2429103545, 990, 2429618957, 1008, , 
72A_750/22, 2429103545, 1050, 2429618957, 1068, , 
72A_750/23, 2429103545, 1110, 2429618957, 1128, , 
72A_750/24, 2429103545, 1170, 2429618957, 1188, , 
72A_750/25, 2429103545, 1190, 2429618957, 1208, , 
72A_750/26, 2429103545, 1230, 2429618957, 1248, , 
72A_750/27, 2429103545, 1250, 2429618957, 1268, , 
72A_750/28, 2429103545, 1290, 2429618957, 1308, , 
72A_750/29, 2429103545, 1310, 2429618957, 1328, , 
72A_750/30, 2429103545, 1330, 2429618957, 1348, , 
72A_750/31, 2429103545, 1350, 2429618957, 1368, , 
72A_750/32, 2429103545, 1370, 2429618957, 1388, , 
72A_750/33, 2429103545, 1390, 2429618957, 1408, , 
72A_750/34, 2429103545, 1410, 2429618957, 1428, , 
72A_878/0, 4942249835, 440, 2429103545, 469, , 
72A_878/1, 4942249835, 500, 2429103545, 529, , 
72A_878/2, 4942249835, 980, 2429103545, 1009, , 
72A_878/3, 4942249835, 1040, 2429103545, 1069, , 
72A_878/4, 4942249835, 1100, 2429103545, 1129, , 
72A_878/5, 4942249835, 1160, 2429103545, 1189, , 
72A_747/0, 2429618957, 250, 2429103545, 269, , 
72A_747/1, 2429618957, 270, 2429103545, 289, , 
72A_747/2, 2429618957, 290, 2429103545, 309, , 
72A_747/3, 2429618957, 310, 2429103545, 329, , 
72A_747/4, 2429618957, 330, 2429103545, 349, , 
72A_747/5, 2429618957, 350, 2429103545, 369, , 
72A_747/6, 2429618957, 390, 2429103545, 409, , 
72A_747/7, 2429618957, 410, 2429103545, 429, , 
72A_747/8, 2429618957, 470, 2429103545, 489, , 
72A_747/9, 2429618957, 530, 2429103545, 549, , 
72A_747/10, 2429618957, 570, 2429103545, 589, , 
72A_747/11, 2429618957, 590, 2429103545, 609, , 
72A_747/12, 2429618957, 630, 2429103545, 649, , 
72A_747/13, 2429618957, 650, 2429103545, 669, , 
72A_747/14, 2429618957, 690, 2429103545, 709, , 
72A_747/15, 2429618957, 710, 2429103545, 729, , 
72A_747/16, 2429618957, 750, 2429103545, 769, , 
72A_747/17, 2429618957, 770, 2429103545, 789, , 
72A_747/18, 2429618957, 810, 2429103545, 829, , 
72A_747/19, 2429618957, 830, 2429103545, 849, , 
72A_747/20, 2429618957, 870, 2429103545, 889, , 
72A_747/21, 2429618957, 890, 2429103545, 909, , 
72A_747/22, 2429618957, 930, 2429103545, 949, , 
72A_747/23, 2429618957, 950, 2429103545, 969, , 
72A_747/24, 2429618957, 1010, 2429103545, 1029, , 
72A_747/25, 2429618957, 1070, 2429103545, 1089, , 
72A_747/26, 2429618957, 1130, 2429103545, 1149, , 
72A_747/27, 2429618957, 1190, 2429103545, 1209, , 
72A_747/28, 2429618957, 1230, 2429103545, 1249, , 
72A_747/29, 2429618957, 1250, 2429103545, 1269, , 
72A_747/30, 2429618957, 1290, 2429103545, 1309, , 
72A_747/31, 2429618957, 1310, 2429103545, 1329, , 
72A_747/32, 2429618957, 1350, 2429103545, 1369, , 
72A_747/33, 2429618957, 1370, 2429103545, 1389, , 
72A_747/34, 2429618957, 1390, 2429103545, 1409, , 
79H_15/0, 2429618979, 385, 2430584902, 405, , 
79H_15/1, 2429618979, 940, 2430584902, 960, , 
79H_16/0, 2430584902, 407, 2429618973, 424, , 
79H_16/1, 2430584902, 963, 2429618973, 980, , 
73_968/0, 1257246827, 275, 2429618973, 294, , 
73_968/1, 1257246827, 305, 2429618973, 324, , 
73_968/2, 1257246827, 335, 2429618973, 354, , 
73_968/3, 1257246827, 360, 2429618973, 379, , 
73_968/4, 1257246827, 380, 2429618973, 399, , 
73_968/5, 1257246827, 400, 2429618973, 419, , 
73_968/6, 1257246827, 420, 2429618973, 439, , 
73_968/7, 1257246827, 440, 2429618973, 459, , 
73_968/8, 1257246827, 460, 2429618973, 479, , 
73_968/9, 1257246827, 485, 2429618973, 504, , 
73_968/10, 1257246827, 515, 2429618973, 534, , 
73_968/11, 1257246827, 545, 2429618973, 564, , 
73_968/12, 1257246827, 575, 2429618973, 594, , 
73_968/13, 1257246827, 605, 2429618973, 624, , 
73_968/14, 1257246827, 635, 2429618973, 654, , 
73_968/15, 1257246827, 665, 2429618973, 684, , 
73_968/16, 1257246827, 695, 2429618973, 714, , 
73_968/17, 1257246827, 725, 2429618973, 744, , 
73_968/18, 1257246827, 755, 2429618973, 774, , 
73_968/19, 1257246827, 785, 2429618973, 804, , 
73_968/20, 1257246827, 815, 2429618973, 834, , 
73_968/21, 1257246827, 840, 2429618973, 859, , 
73_968/22, 1257246827, 860, 2429618973, 879, , 
73_968/23, 1257246827, 880, 2429618973, 899, , 
73_968/24, 1257246827, 900, 2429618973, 919, , 
73_968/25, 1257246827, 920, 2429618973, 939, , 
73_968/26, 1257246827, 940, 2429618973, 959, , 
73_968/27, 1257246827, 960, 2429618973, 979, , 
73_968/28, 1257246827, 980, 2429618973, 999, , 
73_968/29, 1257246827, 1000, 2429618973, 1019, , 
73_968/30, 1257246827, 1020, 2429618973, 1039, , 
73_968/31, 1257246827, 1040, 2429618973, 1059, , 
73_968/32, 1257246827, 1060, 2429618973, 1079, , 
73_968/33, 1257246827, 1085, 2429618973, 1104, , 
73_968/34, 1257246827, 1115, 2429618973, 1134, , 
73_968/35, 1257246827, 1145, 2429618973, 1164, , 
73_968/36, 1257246827, 1175, 2429618973, 1194, , 
73_968/37, 1257246827, 1220, 2429618973, 1239, , 
73_968/38, 1257246827, 1280, 2429618973, 1299, , 
73_968/39, 1257246827, 1340, 2429618973, 1359, , 
73_968/40, 1257246827, 1400, 2429618973, 1419, , 
73_965/0, 2429618979, 240, 1257246827, 259, , 
73_965/1, 2429618979, 270, 1257246827, 289, , 
73_965/2, 2429618979, 300, 1257246827, 319, , 
73_965/3, 2429618979, 330, 1257246827, 349, , 
73_965/4, 2429618979, 350, 1257246827, 369, , 
73_965/5, 2429618979, 370, 1257246827, 389, , 
73_965/6, 2429618979, 390, 1257246827, 409, , 
73_965/7, 2429618979, 410, 1257246827, 429, , 
73_965/8, 2429618979, 430, 1257246827, 449, , 
73_965/9, 2429618979, 450, 1257246827, 469, , 
73_965/10, 2429618979, 480, 1257246827, 499, , 
73_965/11, 2429618979, 510, 1257246827, 529, , 
73_965/12, 2429618979, 540, 1257246827, 559, , 
73_965/13, 2429618979, 570, 1257246827, 589, , 
73_965/14, 2429618979, 600, 1257246827, 619, , 
73_965/15, 2429618979, 630, 1257246827, 649, , 
73_965/16, 2429618979, 660, 1257246827, 679, , 
73_965/17, 2429618979, 690, 1257246827, 709, , 
73_965/18, 2429618979, 720, 1257246827, 739, , 
73_965/19, 2429618979, 750, 1257246827, 769, , 
73_965/20, 2429618979, 780, 1257246827, 799, , 
73_965/21, 2429618979, 810, 1257246827, 829, , 
73_965/22, 2429618979, 830, 1257246827, 849, , 
73_965/23, 2429618979, 850, 1257246827, 869, , 
73_965/24, 2429618979, 870, 1257246827, 889, , 
73_965/25, 2429618979, 890, 1257246827, 909, , 
73_965/26, 2429618979, 910, 1257246827, 929, , 
73_965/27, 2429618979, 930, 1257246827, 949, , 
73_965/28, 2429618979, 950, 1257246827, 969, , 
73_965/29, 2429618979, 970, 1257246827, 989, , 
73_965/30, 2429618979, 990, 1257246827, 1009, , 
73_965/31, 2429618979, 1010, 1257246827, 1029, , 
73_965/32, 2429618979, 1030, 1257246827, 1049, , 
73_965/33, 2429618979, 1050, 1257246827, 1069, , 
73_965/34, 2429618979, 1080, 1257246827, 1099, , 
73_965/35, 2429618979, 1110, 1257246827, 1129, , 
73_965/36, 2429618979, 1140, 1257246827, 1159, , 
73_965/37, 2429618979, 1170, 1257246827, 1189, , 
73_965/38, 2429618979, 1230, 1257246827, 1249, , 
73_965/39, 2429618979, 1290, 1257246827, 1309, , 
73_965/40, 2429618979, 1350, 1257246827, 1369, , 
73Y_974/0, 1257246827, 260, 2429618973, 278, , 
73Y_974/1, 1257246827, 290, 2429618973, 308, , 
73Y_974/2, 1257246827, 320, 2429618973, 338, , 
73Y_974/3, 1257246827, 350, 2429618973, 368, , 
73Y_974/4, 1257246827, 370, 2429618973, 388, , 
73Y_974/5, 1257246827, 390, 2429618973, 408, , 
73Y_974/6, 1257246827, 410, 2429618973, 428, , 
73Y_974/7, 1257246827, 430, 2429618973, 448, , 
73Y_974/8, 1257246827, 450, 2429618973, 468, , 
73Y_974/9, 1257246827, 470, 2429618973, 488, , 
73Y_974/10, 1257246827, 500, 2429618973, 518, , 
73Y_974/11, 1257246827, 530, 2429618973, 548, , 
73Y_974/12, 1257246827, 560, 2429618973, 578, , 
73Y_974/13, 1257246827, 590, 2429618973, 608, , 
73Y_974/14, 1257246827, 620, 2429618973, 638, , 
73Y_974/15, 1257246827, 650, 2429618973, 668, , 
73Y_974/16, 1257246827, 680, 2429618973, 698, , 
73Y_974/17, 1257246827, 710, 2429618973, 728, , 
73Y_974/18, 1257246827, 740, 2429618973, 758, , 
73Y_974/19, 1257246827, 770, 2429618973, 788, , 
73Y_974/20, 1257246827, 800, 2429618973, 818, , 
73Y_974/21, 1257246827, 830, 2429618973, 848, , 
73Y_974/22, 1257246827, 850, 2429618973, 868, , 
73Y_974/23, 1257246827, 870, 2429618973, 888, , 
73Y_974/24, 1257246827, 890, 2429618973, 908, , 
73Y_974/25, 1257246827, 910, 2429618973, 928, , 
73Y_974/26, 1257246827, 930, 2429618973, 948, , 
73Y_974/27, 1257246827, 950, 2429618973, 968, , 
73Y_974/28, 1257246827, 970, 2429618973, 988, , 
73Y_974/29, 1257246827, 990, 2429618973, 1008, , 
73Y_974/30, 1257246827, 1010, 2429618973, 1028, , 
73Y_974/31, 1257246827, 1030, 2429618973, 1048, , 
73Y_974/32, 1257246827, 1050, 2429618973, 1068, , 
73Y_974/33, 1257246827, 1070, 2429618973, 1088, , 
73Y_974/34, 1257246827, 1100, 2429618973, 1118, , 
73Y_974/35, 1257246827, 1130, 2429618973, 1148, , 
73Y_974/36, 1257246827, 1160, 2429618973, 1178, , 
73Y_974/37, 1257246827, 1190, 2429618973, 1208, , 
73Y_974/38, 1257246827, 1250, 2429618973, 1268, , 
73Y_974/39, 1257246827, 1310, 2429618973, 1328, , 
73Y_974/40, 1257246827, 1370, 2429618973, 1388, , 
73Y_971/0, 2429618979, 255, 1257246827, 273, , 
73Y_971/1, 2429618979, 285, 1257246827, 303, , 
73Y_971/2, 2429618979, 315, 1257246827, 333, , 
73Y_971/3, 2429618979, 340, 1257246827, 358, , 
73Y_971/4, 2429618979, 360, 1257246827, 378, , 
73Y_971/5, 2429618979, 380, 1257246827, 398, , 
73Y_971/6, 2429618979, 400, 1257246827, 418, , 
73Y_971/7, 2429618979, 420, 1257246827, 438, , 
73Y_971/8, 2429618979, 440, 1257246827, 458, , 
73Y_971/9, 2429618979, 465, 1257246827, 483, , 
73Y_971/10, 2429618979, 495, 1257246827, 513, , 
73Y_971/11, 2429618979, 525, 1257246827, 543, , 
73Y_971/12, 2429618979, 555, 1257246827, 573, , 
73Y_971/13, 2429618979, 585, 1257246827, 603, , 
73Y_971/14, 2429618979, 615, 1257246827, 633, , 
73Y_971/15, 2429618979, 645, 1257246827, 663, , 
73Y_971/16, 2429618979, 675, 1257246827, 693, , 
73Y_971/17, 2429618979, 705, 1257246827, 723, , 
73Y_971/18, 2429618979, 735, 1257246827, 753, , 
73Y_971/19, 2429618979, 765, 1257246827, 783, , 
73Y_971/20, 2429618979, 795, 1257246827, 813, , 
73Y_971/21, 2429618979, 820, 1257246827, 838, , 
73Y_971/22, 2429618979, 840, 1257246827, 858, , 
73Y_971/23, 2429618979, 860, 1257246827, 878, , 
73Y_971/24, 2429618979, 880, 1257246827, 898, , 
73Y_971/25, 2429618979, 900, 1257246827, 918, , 
73Y_971/26, 2429618979, 920, 1257246827, 938, , 
73Y_971/27, 2429618979, 940, 1257246827, 958, , 
73Y_971/28, 2429618979, 960, 1257246827, 978, , 
73Y_971/29, 2429618979, 980, 1257246827, 998, , 
73Y_971/30, 2429618979, 1000, 1257246827, 1018, , 
73Y_971/31, 2429618979, 1020, 1257246827, 1038, , 
73Y_971/32, 2429618979, 1040, 1257246827, 1058, , 
73Y_971/33, 2429618979, 1065, 1257246827, 1083, , 
73Y_971/34, 2429618979, 1095, 1257246827, 1113, , 
73Y_971/35, 2429618979, 1125, 1257246827, 1143, , 
73Y_971/36, 2429618979, 1155, 1257246827, 1173, , 
73Y_971/37, 2429618979, 1200, 1257246827, 1218, , 
73Y_971/38, 2429618979, 1260, 1257246827, 1278, , 
73Y_971/39, 2429618979, 1320, 1257246827, 1338, , 
73Y_971/40, 2429618979, 1380, 1257246827, 1398, , 
90F_978/0, 4238299925, 368, 2430584967, 391, , 
90F_978/1, 4238299925, 388, 2430584967, 411, , 
90F_978/2, 4238299925, 408, 2430584967, 431, , 
90F_978/3, 4238299925, 428, 2430584967, 451, , 
90F_978/4, 4238299925, 448, 2430584967, 471, , 
90F_978/5, 4238299925, 468, 2430584967, 491, , 
90F_978/6, 4238299925, 488, 2430584967, 511, , 
90F_978/7, 4238299925, 808, 2430584967, 831, , 
90F_978/8, 4238299925, 828, 2430584967, 851, , 
90F_978/9, 4238299925, 848, 2430584967, 871, , 
90F_978/10, 4238299925, 868, 2430584967, 891, , 
90F_978/11, 4238299925, 888, 2430584967, 911, , 
90F_978/12, 4238299925, 908, 2430584967, 931, , 
90F_978/13, 4238299925, 928, 2430584967, 951, , 
90F_978/14, 4238299925, 948, 2430584967, 971, , 
90F_978/15, 4238299925, 968, 2430584967, 991, , 
90F_978/16, 4238299925, 988, 2430584967, 1011, , 
90F_978/17, 4238299925, 1008, 2430584967, 1031, , 
90F_978/18, 4238299925, 1028, 2430584967, 1051, , 
90F_978/19, 4238299925, 1048, 2430584967, 1071, , 
90F_977/0, 2430584967, 360, 4238299925, 384, , 
90F_977/1, 2430584967, 380, 4238299925, 404, , 
90F_977/2, 2430584967, 400, 4238299925, 424, , 
90F_977/3, 2430584967, 420, 4238299925, 444, , 
90F_977/4, 2430584967, 440, 4238299925, 464, , 
90F_977/5, 2430584967, 460, 4238299925, 484, , 
90F_977/6, 2430584967, 840, 4238299925, 864, , 
90F_977/7, 2430584967, 860, 4238299925, 884, , 
90F_977/8, 2430584967, 880, 4238299925, 904, , 
90F_977/9, 2430584967, 900, 4238299925, 924, , 
90F_977/10, 2430584967, 920, 4238299925, 944, , 
90F_977/11, 2430584967, 940, 4238299925, 964, , 
90F_977/12, 2430584967, 960, 4238299925, 984, , 
90F_977/13, 2430584967, 980, 4238299925, 1004, , 
90F_977/14, 2430584967, 1000, 4238299925, 1024, , 
90F_977/15, 2430584967, 1020, 4238299925, 1044, , 
90F_977/16, 2430584967, 1040, 4238299925, 1064, , 
90F_977/17, 2430584967, 1060, 4238299925, 1084, , 
